,name,github_id,pypi_id,category,labels,homepage,dependent_project_count,github_dependent_project_count,contributor_count,github_url,license,created_at,updated_at,projectrank,fork_count,open_issue_count,star_count,description,pypi_url,pypi_latest_release_published_at,latest_stable_release_published_at,latest_stable_release_number,release_count,pypi_monthly_downloads,monthly_downloads,show,projectrank_placing,cargo_id,cargo_url,cargo_latest_release_published_at,cargo_monthly_downloads,cargo_total_downloads,new_addition,npm_id,npm_url,npm_latest_release_published_at,npm_dependent_project_count,npm_monthly_downloads,gitee_id,gitee_url,watchers_count,trending,greasy_fork_id,greasy_fork_url,greasy_fork_code_url,greasy_fork_total_installs,greasy_fork_fan_score,docs_url
0,bitsrun,BITNP/bitsrun,bitsrun,srun,['python'],https://github.com/BITNP/bitsrun,5.0,5.0,8.0,https://github.com/BITNP/bitsrun,WTFPL,2018-09-02 04:01:05.000,2025-03-11 21:40:38,12,14.0,1.0,75.0,A headless login / logout script for 10.0.0.55 at BIT. 北京理工大学 10.0.0.55 校园网登录登出的 Python 实现.,https://pypi.org/project/bitsrun,2024-04-07 06:40:18.000,2024-04-07 06:40:18.000,3.7.1,18.0,146.0,146.0,False,1.0,,,,,,,,,,,,,,,,,,,,,
1,BIThesis,BITNP/BIThesis,,template,['latex'],https://bithesis.bitnp.net,,,30.0,https://github.com/BITNP/BIThesis,LPPL-1.3c,2020-01-12 14:44:20.000,2025-02-20 15:56:29,9,101.0,2.0,783.0,📖 北京理工大学非官方 LaTeX 模板集合，包含本科、研究生毕业设计模板及更多。🎉 （更多文档请访问 wiki 和 release 中的手册）.,,,,,,,,False,1.0,,,,,,,,,,,,,,,,,,,,,
2,BitSrunLoginGo,Mmx233/BitSrunLoginGo,,srun,['go'],https://github.com/Mmx233/BitSrunLoginGo,2.0,2.0,6.0,https://github.com/Mmx233/BitSrunLoginGo,AGPL-3.0,2021-03-13 08:45:26.000,2026-06-23 17:47:50,9,43.0,,532.0,深澜校园网登录程序 Go 语言版，适用于Windows、Linux、路由器等。提供对 Docker、Go Module、OpenWrt 的支持.,,,,,,,,True,1.0,,,,,,,,,,,,,,,,,,,,,
3,bitsrun-rs,spencerwooo/bitsrun-rs,,srun,,https://github.com/spencerwooo/bitsrun-rs,1.0,1.0,2.0,https://github.com/spencerwooo/bitsrun-rs,MIT,2024-04-26 09:00:07.469,2025-03-14 06:30:43.965000,9,6.0,1.0,48.0,"🌐 A headless login / logout CLI for gateway (10.0.0.55) at BIT, now in Rust. 北京理工大学 10.0.0.55 校园网登录登出的 Rust 实现.",,,2025-03-14 06:30:43.965,0.5.0,8.0,,11.333333333333334,False,1.0,bitsrun,https://crates.io/crates/bitsrun,2025-03-14 06:30:43.965,11.333333333333334,9714.0,,,,,,,,,,,,,,,,
4,数据挖掘,BITDM/bitdm.github.io,,exp,,https://bitdm.github.io/,,,153.0,https://github.com/BITDM/bitdm.github.io,,2015-06-13 00:49:08.000,2020-07-31 04:25:36,9,156.0,1.0,42.0,Contents for data mining course.,,,,,,,,False,1.0,,,,,,,,,,,,,,,,,,,,,
5,BIT101-dev/BIT-Login,BIT101-dev/BIT-Login,bit-login,edu-cn,,https://github.com/BIT101-dev/BIT-Login,,,1.0,https://github.com/BIT101-dev/BIT-Login,,2025-06-03 03:17:13.489,2026-07-02 04:37:55,9,1.0,1.0,7.0,北京理工大学统一身份验证登录模块.,https://pypi.org/project/bit-login,2026-07-02 04:37:48.000,2026-06-19 06:22:46.000,3.4.2,20.0,712.0,712.0,True,1.0,,,,,,True,,,,,,,,,,,,,,,
6,Virtual BIT Network,YDX-2147483647/virtual-BIT-network,,edu-cn,,https://github.com/YDX-2147483647/virtual-BIT-network,3.0,1.0,2.0,https://github.com/YDX-2147483647/virtual-BIT-network,MIT,2022-08-03 08:37:17.000,2026-07-14 00:56:46,9,,,3.0,BIT WebVPN 登录与转换（≈ Fetch API）.,,,2025-05-13 13:59:56.879,0.3.1,3.0,,27.0,True,1.0,,,,,,,virtual-bit-network,https://www.npmjs.com/package/virtual-bit-network,2025-05-13 13:59:56.879,2.0,27.0,,,,,,,,,,
7,BITCS Coursework,spencerwooo/BITCS-Coursework,,learning,,https://github.com/spencerwooo/BITCS-Coursework,,,2.0,https://github.com/spencerwooo/BITCS-Coursework,CC-BY-SA-4.0,2019-04-29 15:24:01.000,2021-06-07 05:15:07,8,30.0,1.0,240.0,不完整北京理工大学计算机学院课程项目资料清单。.,,,,,,,,False,1.0,,,,,,,,,,,,,,,,,,,,,
8,zu1k/srun,zu1k/srun,,srun,['rust'],https://github.com/zu1k/srun,,,8.0,https://github.com/zu1k/srun,GPL-3.0,2021-11-02 13:52:39.000,2024-04-18 08:40:08,8,26.0,1.0,189.0,srun 深澜认证登录，超轻量、多平台，支持多拨、自动探测IP、指定网卡.,,,,,,,,False,2.0,,,,,,,,,,,,,,,,,,,,,
9,BIT Online Code Helper,Crawler995/BITOnlineCodeHelper,BIT-Online-Code-Helper,academic,,https://github.com/Crawler995/BITOnlineCodeHelper,,,1.0,https://github.com/Crawler995/BITOnlineCodeHelper,MIT,2020-01-14 12:32:09.000,2020-04-16 01:33:26,8,,,1.0,Test and commit your code of BIT Online coding homework more easily and conveniently!.,https://pypi.org/project/BIT-Online-Code-Helper,2020-04-16 01:33:26.000,2020-04-16 01:33:26.000,1.0.4,6.0,,,False,1.0,,,,,,,,,,,,,,,,,,,,,
10,BIT-DA/RIPU,BIT-DA/RIPU,,apollo,,https://github.com/BIT-DA/RIPU,,,2.0,https://github.com/BIT-DA/RIPU,MIT,2022-03-13 06:24:18.000,2023-10-22 12:02:53,7,20.0,,152.0,[CVPR 2022 Oral] Towards Fewer Annotations: Active Learning via Region Impurity and Prediction Uncertainty for Domain..,,,,,,,,False,1.0,,,,,,,,,,,,,,,,,,,,,
11,Web VPN Converter,spencerwooo/bit-webvpn-converter,,edu-cn,['web'],https://webvpn.swo.moe/,,,7.0,https://github.com/spencerwooo/bit-webvpn-converter,,2020-07-01 04:30:50.000,2026-01-30 18:46:23,7,30.0,3.0,88.0,Web VPN converter.,,,,,,,,True,2.0,,,,,,,,,,,,,,,,,,,,,
12,BIT-CS,xiabee/BIT-CS,,learning,,https://github.com/xiabee/BIT-CS,,,1.0,https://github.com/xiabee/BIT-CS,Apache-2.0,2020-03-14 12:24:55.000,2021-12-14 11:20:18,7,27.0,2.0,85.0,北京理工大学计算机学院课程代码/历年试卷/知识点总结等，欢迎PR.,,,,,,,,False,1.0,,,,,,,,,,,,,,,,,,,,,
13,vouv/srun,vouv/srun,,srun,['go'],https://github.com/vouv/srun,,,8.0,https://github.com/vouv/srun,MIT,2018-09-13 14:25:59.000,2021-01-22 11:21:29,7,12.0,,49.0,北京理工大学校园网命令行登录工具，多系统支持.,,,,,,,,False,2.0,,,,,,,,,,,,,,,,,,,,,
14,Hyperzsb/bit-cs,Hyperzsb/bit-cs,,learning,,https://github.com/Hyperzsb/bit-cs,,,4.0,https://github.com/Hyperzsb/bit-cs,MIT,2019-11-24 08:01:50.000,2021-08-23 13:14:38,7,3.0,,36.0,"Codes and other resources of courses offered in School of Computer Science & Technology, Beijing Institute of..",,,,,,,,False,1.0,,,,,,,,,,,,,,,,,,,,,
15,PySPT,,,apollo,['python'],https://spaitlab.gitee.io/py-spt/index.html,,,,,MIT,2022-05-08 18:43:27.000,2026-03-22 10:14:26,7,25.0,,24.0,Python信号处理工具箱 Python Signal Processing Toolbox.,,,,,,,,True,1.0,,,,,,,,,,,,spaitlab/py-spt,https://gitee.com/spaitlab/py-spt,13.0,,,,,,,
16,BIT-enhanced,YDX-2147483647/BIT-enhanced,,edu-cn,['web'],https://ydx-2147483647.github.io/BIT-enhanced/,,,5.0,https://github.com/YDX-2147483647/BIT-enhanced,GPL-3.0,2021-01-19 12:34:37.000,2026-07-23 19:26:40,7,3.0,3.0,14.0,一些方便大家使用 BIT 相关网站的用户脚本和用户样式表。.,,,,,,,,True,2.0,,,,,,,,,,,,YDX-2147483647/BIT-enhanced,https://gitee.com/YDX-2147483647/BIT-enhanced,1.0,2.0,,,,,,
17,BIT-enhanced ➡️ BIT-Programming-Detect,YDX-2147483647/BIT-enhanced,,academic,,https://greasyfork.org/scripts/488587-bit-programming-detect,,,5.0,https://github.com/YDX-2147483647/BIT-enhanced,GPL-3.0,2021-01-19 12:34:37.000,2024-10-10 06:46:33,7,2.0,3.0,14.0,通过提交C语言程序，逐字符确定测试用例。为符合编程人员的习惯，字符默认从第0个开始。文本框中输入Enter键可以直接开始探测。在结束文本框输入非数字时，会持续探测。探测到所有的测试用例都OF时探测会结束。支持的测试用例字符：ASCII..,,,,,,,,False,1.0,,,,,,,,,,,,,,,,488587.0,https://greasyfork.org/scripts/488587,https://update.greasyfork.org/scripts/488587/BIT-Programming-Detect.user.js,43.0,5.0,
18,BIT-enhanced ➡️ BIT-乐学-修改侧边栏课程-GUI,YDX-2147483647/BIT-enhanced,,academic,,https://greasyfork.org/scripts/488788-bit-%E4%B9%90%E5%AD%A6-%E4%BF%AE%E6%94%B9%E4%BE%A7%E8%BE%B9%E6%A0%8F%E8%AF%BE%E7%A8%8B-gui,,,5.0,https://github.com/YDX-2147483647/BIT-enhanced,GPL-3.0,2021-01-19 12:34:37.000,2024-10-10 06:46:33,7,2.0,3.0,14.0,修改侧边栏显示的课程.,,,,,,,,False,1.0,,,,,,,,,,,,,,,,488788.0,https://greasyfork.org/scripts/488788,https://update.greasyfork.org/scripts/488788/BIT-%E4%B9%90%E5%AD%A6-%E4%BF%AE%E6%94%B9%E4%BE%A7%E8%BE%B9%E6%A0%8F%E8%AF%BE%E7%A8%8B-GUI.user.js,14.0,5.0,
19,BIT-enhanced ➡️ BIT-物理实验中心-下载日历,YDX-2147483647/BIT-enhanced,,academic,,https://greasyfork.org/scripts/491539-bit-%E7%89%A9%E7%90%86%E5%AE%9E%E9%AA%8C%E4%B8%AD%E5%BF%83-%E4%B8%8B%E8%BD%BD%E6%97%A5%E5%8E%86,,,5.0,https://github.com/YDX-2147483647/BIT-enhanced,GPL-3.0,2021-01-19 12:34:37.000,2024-04-03 10:14:39,7,2.0,3.0,14.0,生成课程表的 iCalendar 文件并下载.,,,,,,,,False,1.0,,,,,,,,,,,,,,,,491539.0,https://greasyfork.org/scripts/491539,https://update.greasyfork.org/scripts/491539/BIT-%E7%89%A9%E7%90%86%E5%AE%9E%E9%AA%8C%E4%B8%AD%E5%BF%83-%E4%B8%8B%E8%BD%BD%E6%97%A5%E5%8E%86.user.js,4.0,5.0,
20,BIT-WEB,Ethan-yt/BIT-WEB,,srun,['web'],https://github.com/Ethan-yt/BIT-WEB,8.0,3.0,1.0,https://github.com/Ethan-yt/BIT-WEB,ISC,2019-04-02 05:04:30.000,2022-02-11 18:53:56,7,1.0,2.0,2.0,北理工上网命令行脚本，支持联通移动.,,,2019-04-02 11:00:08.528,1.0.5,5.0,,37.0,False,2.0,,,,,,,@ethanyt/bit,https://www.npmjs.com/package/@ethanyt/bit,2019-04-02 11:00:08.528,5.0,37.0,,,,,,,,,,
21,bitroom (Book an Incongruent Topological Room Or be Out of Mind),YDX-2147483647/bitroom,bitroom,cal,['python'],https://github.com/YDX-2147483647/bitroom,3.0,3.0,1.0,https://github.com/YDX-2147483647/bitroom,MIT,2023-05-04 13:18:27.000,2023-07-10 14:17:16,7,,2.0,1.0,BIT 场地预约查询接口。（bitroom）🚩🏠.,https://pypi.org/project/bitroom,2023-05-18 01:53:00.446,2023-05-18 01:53:00.446,0.1.5,5.0,,,False,1.0,,,,,,,,,,,,,,,,,,,,,https://github.com/YDX-2147483647/bitroom/wiki
22,QtUnblockNeteaseMusic,FrzMtrsprt/QtUnblockNeteaseMusic,,apollo,,https://github.com/FrzMtrsprt/QtUnblockNeteaseMusic,,,1.0,https://github.com/FrzMtrsprt/QtUnblockNeteaseMusic,GPL-3.0,2022-07-22 02:48:10.000,2024-09-05 21:42:56,6,17.0,2.0,627.0,"A desktop client for UnblockNeteaseMusic, made with Qt.",,,,,,,,False,2.0,,,,,,,,,,,,,,,,,,,,,
23,BIT-Thesis,BIT-thesis/LaTeX-template,,template,['latex'],https://github.com/BIT-thesis/LaTeX-template,,,6.0,https://github.com/BIT-thesis/LaTeX-template,,2017-03-08 01:23:55.000,2024-03-21 13:18:39,6,94.0,24.0,387.0,LaTeX template for BIT thesis.,,,,,,,,False,1.0,,,,,,,,,,,,five_cost_QiFei/LaTeX-template,https://gitee.com/five_cost_QiFei/LaTeX-template,1.0,,,,,,,
24,BIT-MiniCC,jiweixing/BIT-MiniCC,,apollo,,https://github.com/jiweixing/BIT-MiniCC,,,2.0,https://github.com/jiweixing/BIT-MiniCC,,2016-04-13 05:47:59.000,2023-05-17 05:40:04,6,111.0,6.0,179.0,A C compiler framework in Java.,,,,,,,,False,2.0,,,,,,,,,,,,,,,,,,,,,
25,BIT101,BIT101-dev/BIT101,,agg,['web'],https://bit101.cn,,,7.0,https://github.com/BIT101-dev/BIT101,AGPL-3.0,2022-02-22 13:24:29.000,2026-02-28 13:15:38,6,20.0,10.0,142.0,百丽宫攻略、课程评价及资料、课表、查成绩。.,,,,,,,,True,1.0,,,,,,,,,,,,,,,,,,,,,
26,BIT-CS-Learning,songshangru/BIT-CS-Learning,,learning,,https://github.com/songshangru/BIT-CS-Learning,,,7.0,https://github.com/songshangru/BIT-CS-Learning,,2021-01-01 06:09:41.000,2023-04-10 07:45:10,6,46.0,1.0,117.0,保存一下我自己整理的北理工计科的学习资料，欢迎分享资源.,,,,,,,,False,1.0,,,,,,,,,,,,,,,,,,,,,
27,BITthesis,qiuzhu/BITthesis,,template,['latex'],https://github.com/qiuzhu/BITthesis,,,2.0,https://github.com/qiuzhu/BITthesis,GPL-3.0,2016-08-17 08:41:37.000,2017-10-11 05:32:37,6,24.0,3.0,41.0,Thesis Template of Beijing Institute of Technology Using LaTeX.,,,,,,,,False,1.0,,,,,,,,,,,,,,,,,,,,,
28,Bulletin Issues Transferred,YDX-2147483647/bulletin-issues-transferred,,agg,['web'],https://haobit.top/notice/,,,3.0,https://github.com/YDX-2147483647/bulletin-issues-transferred,MIT,2021-12-11 15:23:43.000,2026-01-14 19:28:06,6,2.0,7.0,32.0,汇总 BIT 各种网站的通知。（以及钉钉、RSS插件等）.,,,,,,,,True,1.0,,,,,,,,,,,,YDX-2147483647/bulletin-issues-transferred,https://gitee.com/YDX-2147483647/bulletin-issues-transferred,1.0,,,,,,,
29,BIT_yanhe_download,AuYang261/BIT_yanhe_download,,academic,['python'],https://github.com/AuYang261/BIT_yanhe_download,,,5.0,https://github.com/AuYang261/BIT_yanhe_download,MIT,2023-03-31 09:09:41.000,2023-11-12 13:15:43,6,2.0,,25.0,北京理工大学延河课堂回放下载器.,,,,,,,,False,2.0,,,,,,,,,,,,,,,,,,,,,
30,CTFd-owl,BIT-NSC/CTFd-owl,,misc,"['python', 'web']",https://github.com/BIT-NSC/CTFd-owl,,,1.0,https://github.com/BIT-NSC/CTFd-owl,Apache-2.0,2022-03-26 06:58:14.000,2022-03-26 14:08:47,6,4.0,,23.0,Dynamic Check Challenges with docker-compose for CTFd V3.4.0+.,,,,,,,,False,1.0,,,,,,,,,,,,,,,,,,,,,
31,BIT-thesis-LaTex,jiandahao/BIT-thesis-LaTex,,template,['latex'],https://github.com/jiandahao/BIT-thesis-LaTex,,,2.0,https://github.com/jiandahao/BIT-thesis-LaTex,MIT,2019-05-14 03:08:50.000,2020-05-06 16:07:52,6,9.0,,22.0,北京理工大学学硕士/博士学位毕业论文LaTeX模板（LaTeX Template for BIT thesis）.,,,,,,,,False,1.0,,,,,,,,,,,,,,,,,,,,,
32,faq-bot,YDX-2147483647/faq-bot,,agg,,https://github.com/YDX-2147483647/faq-bot,,,3.0,https://github.com/YDX-2147483647/faq-bot,MIT,2025-05-31 12:12:17.073,2026-06-28 06:18:59,6,1.0,1.0,3.0,BIThesis 交流群和 Typst 非官方中文交流群的机器人。.,,,,,,,,True,1.0,,,,,,,,,,,,,,,3.0,,,,,,
33,Bus Interrogation Tunnel,YDX-2147483647/bus-interrogation-tunnel,bus-interrogation-tunnel,cal,['python'],https://github.com/YDX-2147483647/bus-interrogation-tunnel,3.0,3.0,1.0,https://github.com/YDX-2147483647/bus-interrogation-tunnel,MIT,2023-03-11 16:48:57.000,2024-03-06 09:34:41,6,,,2.0,BIT 班车查询接口。（bitbus）🚌.,https://pypi.org/project/bus-interrogation-tunnel,2023-03-14 08:51:31.753,2023-03-14 08:51:31.753,0.1.0,1.0,,,False,2.0,,,,,,,,,,,,,,,,,,,,,
34,bit-srun-cli,fangli-li/bit-srun-cli,srun-bit,srun,['python'],https://github.com/fangli-li/bit-srun-cli,,,2.0,https://github.com/fangli-li/bit-srun-cli,MIT,2020-11-14 16:49:11.000,2020-11-30 21:12:06,6,,,2.0,"北理工校园网登录客户端,使用pip安装.",https://pypi.org/project/srun-bit,2020-11-30 21:12:06.000,2020-11-30 21:12:06.000,0.2.2,4.0,36.0,36.0,False,2.0,,,,,,,,,,,,,,,,,,,,,
35,LaTeX-materials,BIT-thesis/LaTeX-materials,,learning,['latex'],https://github.com/BIT-thesis/LaTeX-materials,,,1.0,https://github.com/BIT-thesis/LaTeX-materials,,2017-09-12 03:56:00.000,2017-09-13 03:40:46,5,23.0,,70.0,LaTeX 学习资料 （for BIT-Thesis）.,,,,,,,,False,2.0,,,,,,,,,,,,,,,,,,,,,
36,幻影坦克快速发车工具(带图形界面),Aloxaf/MirageTankGo,,apollo,['python'],https://github.com/Aloxaf/MirageTankGo,,,1.0,https://github.com/Aloxaf/MirageTankGo,GPL-3.0,2018-01-20 15:00:18.000,2019-11-27 07:10:24,5,10.0,,68.0,幻影坦克(特指点开后不一样的图片)快速发车工具.,,,,,,,,False,2.0,,,,,,,,,,,,,,,,,,,,,
37,北京理工大学-本科-人工智能专业-通关经验包,Robin-WZQ/BIT-AI-Review,,learning,,https://github.com/Robin-WZQ/BIT-AI-Review,,,3.0,https://github.com/Robin-WZQ/BIT-AI-Review,,2022-01-04 03:42:17.000,2023-06-07 00:37:04,5,10.0,1.0,65.0,本项目分享了本人在北京理工大学计算机学院人工智能专业的相关课程资料与经验分享。希望对你们有所帮助❤️，如果喜欢的话记得给个star哦🌟.,,,,,,,,False,2.0,,,,,,,,,,,,,,,,,,,,,
38,BIT101-Android,BIT101-dev/BIT101-Android,,agg,,https://github.com/BIT101-dev/BIT101-Android,,,5.0,https://github.com/BIT101-dev/BIT101-Android,AGPL-3.0,2026-03-04 07:56:03.719,2025-06-02 09:35:04,5,6.0,8.0,56.0,针对北京理工大学搞的怪安卓.,,,,,,,,False,2.0,,,,,,,,,,,,,,,,,,,,,
39,BIT Computer Science and Technology,fan2goa1/BIT-CS-UnderGraduate,,learning,,https://github.com/fan2goa1/BIT-CS-UnderGraduate,,,2.0,https://github.com/fan2goa1/BIT-CS-UnderGraduate,Apache-2.0,2024-04-17 17:06:47.833,2024-01-11 09:50:10,5,,,52.0,这个仓库存放了北京理工大学计科专业相关课程资料，欢迎Star & PR。.,,,,,,,,False,2.0,,,,,,,,,,,,,,,,,,,,,
40,BIT-srun-login-script,coffeehat/BIT-srun-login-script,,srun,['python'],https://github.com/coffeehat/BIT-srun-login-script,,,6.0,https://github.com/coffeehat/BIT-srun-login-script,,2020-04-01 14:17:26.000,2021-06-16 16:52:30,5,18.0,,45.0,采用python编写的北理深澜校园网登录脚本，以实现命令行登录或者断线重连等，仅提供登录功能.,,,,,,,,False,2.0,,,,,,,,,,,,,,,,,,,,,
41,MIPS 指令集 CPU 设计,bit-mips/bitmips_experiments,,exp,"['asm', 'hdl']",https://github.com/bit-mips/bitmips_experiments,,,4.0,https://github.com/bit-mips/bitmips_experiments,,2024-08-26 01:38:44.340,2020-09-23 06:54:12,5,8.0,,34.0,北京理工大学 MIPS 指令集 CPU 设计系列教学实验.,,,,,,,,False,2.0,,,,,,,,,,,,,,,,,,,,,
42,biteduML,bigablecat/biteduML,,learning,,https://github.com/bigablecat/biteduML,,,1.0,https://github.com/bigablecat/biteduML,,2017-07-05 11:35:09.000,2019-06-13 09:02:47,5,22.0,,32.0,北京理工大学Python机器学习应用超详细学习笔记和代码注释(未完待续).,,,,,,,,False,2.0,,,,,,,,,,,,,,,,,,,,,
43,SecretWeapon,BITNP/SecretWeapon,,learning,,https://github.com/BITNP/SecretWeapon,,,8.0,https://github.com/BITNP/SecretWeapon,,2016-03-27 05:57:53.000,2021-12-09 03:32:00,5,12.0,,27.0,Secret weapons that arm your studies.,,,,,,,,False,2.0,,,,,,,,,,,,,,,,,,,,,
44,BIThesis-wiki,BITNP/BIThesis-wiki,,template,['latex'],https://bithesis.bitnp.net,,,19.0,https://github.com/BITNP/BIThesis-wiki,CC0-1.0,2020-11-25 12:05:29.000,2025-02-18 09:56:50,5,5.0,6.0,12.0,非官方本科生毕业设计论文/研究生学位论文 LaTeX 模板（以及更多）在线文档.,,,,,,,,False,2.0,,,,,,,,,,,,,,,,,,,,,
45,BIT-CourseRace,Jump-Wang-111/BIT-CourseRace,,academic,,https://github.com/Jump-Wang-111/BIT-CourseRace,,,3.0,https://github.com/Jump-Wang-111/BIT-CourseRace,MIT,2024-09-02 03:49:48.808,2024-01-25 06:24:26,5,,,12.0,北京理工大学研究生抢课脚本，2024年1月版.,,,,,,,,False,2.0,,,,,,,,,,,,,,,,,,,,,
46,xioneko/延河课堂视频下载,xioneko/yanhekt-downloader,,academic,,https://greasyfork.org/scripts/496320-%E5%BB%B6%E6%B2%B3%E8%AF%BE%E5%A0%82%E8%A7%86%E9%A2%91%E4%B8%8B%E8%BD%BD,,,2.0,https://github.com/xioneko/yanhekt-downloader,MIT,2024-05-28 09:37:10.000,2024-08-13 13:06:04,5,1.0,1.0,7.0,一个开箱即用的延河课堂视频下载脚本，用户界面友好，傻瓜式操作.,,,,,,,,False,2.0,,,,,,,,,,,,,,,,496320.0,https://greasyfork.org/scripts/496320,https://update.greasyfork.org/scripts/496320/%E5%BB%B6%E6%B2%B3%E8%AF%BE%E5%A0%82%E8%A7%86%E9%A2%91%E4%B8%8B%E8%BD%BD.user.js,131.0,5.0,
47,北京理工大学物理实验报告,laonuo2004/BIT_Physics_experiments,,learning,,https://github.com/laonuo2004/BIT_Physics_experiments,,,1.0,https://github.com/laonuo2004/BIT_Physics_experiments,MIT,2025-03-06 22:14:15.817,2025-03-02 14:10:08,5,3.0,1.0,6.0,北京理工大学物理实验报告.,,,,,,,,False,2.0,,,,,,,,,,,,,,,,,,,,,
48,poems-2023 ➡️ 综测表一生成表二,BITNP/poems-2023,,office,,https://github.com/BITNP/poems-2023,,,3.0,https://github.com/BITNP/poems-2023,MIT,2023-05-24 07:52:42.000,2023-08-01 16:08:22,5,1.0,,5.0,睿信书院综测需填写两表，其中表二是汇总表，内容来自表一。每次填写不免繁琐，因此开发这个小软件，自动根据表一内容生成表二，手动粘贴即可快速完成填写。.,,,,,,,,False,1.0,,,,,,,,,,,,,,,,,,,,,
49,BIT北理工一键评教 - pj.bit.edu.cn,,,academic,['web'],https://greasyfork.org/scripts/456110-bit%E5%8C%97%E7%90%86%E5%B7%A5%E4%B8%80%E9%94%AE%E8%AF%84%E6%95%99-pj-bit-edu-cn-%E5%81%9C%E6%AD%A2%E7%BB%B4%E6%8A%A4,,,,,MIT License,2022-12-06 09:20:16.000,2025-11-29 11:47:31,5,,,,一键完成所有单选项并提交，可自定义评价选项；修复评教按钮不显示的问题.,,,,,,,,True,2.0,,,,,,,,,,,,,,,,456110.0,https://greasyfork.org/scripts/456110,https://update.greasyfork.org/scripts/456110/BIT%E5%8C%97%E7%90%86%E5%B7%A5%E4%B8%80%E9%94%AE%E8%AF%84%E6%95%99%20-%20pjbiteducn%EF%BC%88%E5%81%9C%E6%AD%A2%E7%BB%B4%E6%8A%A4%EF%BC%89.user.js,126.0,34.2,
50,[BIT AutoLogin] 一键登录北理工统一身份认证,,,edu-cn,,https://greasyfork.org/scripts/562208-bit-autologin-%E4%B8%80%E9%94%AE%E7%99%BB%E5%BD%95%E5%8C%97%E7%90%86%E5%B7%A5%E7%BB%9F%E4%B8%80%E8%BA%AB%E4%BB%BD%E8%AE%A4%E8%AF%81,,,,,MIT License,2026-01-11 10:48:39.000,2026-01-11 12:19:47,5,,,,通过 CAS REST API 自动登录所有需要北理工统一身份认证的网站！.,,,,,,,,True,2.0,,,,,,,,,,,,,,,,562208.0,https://greasyfork.org/scripts/562208,https://update.greasyfork.org/scripts/562208/%5BBIT%20AutoLogin%5D%20%E4%B8%80%E9%94%AE%E7%99%BB%E5%BD%95%E5%8C%97%E7%90%86%E5%B7%A5%E7%BB%9F%E4%B8%80%E8%BA%AB%E4%BB%BD%E8%AE%A4%E8%AF%81.user.js,24.0,20.7,
51,北京理工大学-本科-人工智能专业-变得更强秘籍,lyccyl1/BIT-AI,,learning,,https://github.com/lyccyl1/BIT-AI,,,4.0,https://github.com/lyccyl1/BIT-AI,,2026-04-04 18:14:06.852,2025-07-26 06:42:26,4,3.0,,104.0,这是我在北京理工大学人工智能专业学习的一些经验和作业分享，欢迎STAR⭐，还在更新中...,,,,,,,,True,2.0,,,,,,,,,,,,,,,,,,,,,
52,BITCS-2019,bingo123122121/BITCS-2019,,learning,,https://github.com/bingo123122121/BITCS-2019,,,3.0,https://github.com/bingo123122121/BITCS-2019,,2025-03-27 05:46:49.100,2022-12-03 06:05:52,4,1.0,,32.0,本项目是个人整理的北理工计科2019级的学习资料，佛系整理，欢迎分享.,,,,,,,,False,2.0,,,,,,,,,,,,,,,,,,,,,
53,STRAP,leiyaocui/STRAP,,apollo,,https://github.com/leiyaocui/STRAP,,,2.0,https://github.com/leiyaocui/STRAP,,2022-06-07 01:17:20.000,2023-04-13 11:41:52,4,,,29.0,An official implementation of STRAP: Structured Object Affordance Segmentation with Point Supervision.,,,,,,,,False,3.0,,,,,,,,,,,,,,,,,,,,,
54,BIT自动请假,YoungKlaus/BIT_Auto_Leave,,cal,['python'],https://github.com/YoungKlaus/BIT_Auto_Leave,,,1.0,https://github.com/YoungKlaus/BIT_Auto_Leave,,2022-09-28 09:14:11.000,2022-10-07 14:44:25,4,13.0,1.0,23.0,北京理工大学自动请假.,,,,,,,,False,2.0,,,,,,,,,,,,,,,,,,,,,
55,BIT_885_Problems,hc495/BIT_885_Problems,,learning,,https://github.com/hc495/BIT_885_Problems,,,1.0,https://github.com/hc495/BIT_885_Problems,MIT,2024-08-21 13:49:55.503,2020-12-20 14:17:43,4,2.0,,20.0,Beijing Institute of Technology - 885 - 北京理工大学“软件工程专业基础综合(885)”初试编程题及解答 - C语言描述.,,,,,,,,False,2.0,,,,,,,,,,,,,,,,,,,,,
56,BIT101-GO,BIT101-dev/BIT101-GO,,agg,['go'],https://bit101.cn,,,6.0,https://github.com/BIT101-dev/BIT101-GO,AGPL-3.0,2026-03-04 07:56:03.767,2025-10-05 14:32:52,4,5.0,2.0,19.0,针对北京理工大学搞的怪东西后面的东西.,,,,,,,,True,3.0,,,,,,,,,,,,,,,,,,,,,
57,BITCS-final-exam-learning-materials,Sharpiless/BITCS-final-exam-learning-materials,,learning,,https://github.com/Sharpiless/BITCS-final-exam-learning-materials,,,1.0,https://github.com/Sharpiless/BITCS-final-exam-learning-materials,GPL-3.0,2021-05-25 02:39:58.000,2021-05-26 04:04:03,4,2.0,,17.0,北理工计算机CS期末考试复习资料/历年考题汇总，欢迎PR.,,,,,,,,False,2.0,,,,,,,,,,,,,,,,,,,,,
58,网协主页,BITNP/bitnp-website,,org,['web'],https://www.bitnp.net/,,,15.0,https://github.com/BITNP/bitnp-website,,2022-08-12 09:16:11.000,2025-01-12 06:47:18,4,5.0,2.0,13.0,The website of Net Pioneer Association of BIT.,,,,,,,,False,1.0,,,,,,,,,,,,iruhh/bitnp-website,https://gitee.com/iruhh/bitnp-website,5.0,,,,,,,
59,PyFMT,,,apollo,['python'],https://spaitlab.gitee.io/py-fmt/index.html,,,,,GPL-2.0,2021-11-20 22:03:10.000,2024-08-02 15:40:05,4,6.0,,6.0,Python基础数学工具箱 Python Fundamental Mathematics Toolbox.,,,,,,,,False,3.0,,,,,,,,,,,,spaitlab/py-fmt,https://gitee.com/spaitlab/py-fmt,10.0,,,,,,,
60,i乐学助手,BobH233/LexueSwiftUI,,academic,,https://apps.apple.com/cn/app/i%E4%B9%90%E5%AD%A6%E5%8A%A9%E6%89%8B/id6468846337,,,2.0,https://github.com/BobH233/LexueSwiftUI,GPL-3.0,2023-09-03 10:28:01.000,2024-03-12 03:12:56,4,,,6.0,提供“乐学”服务的iOS端手机应用，具有“临近作业期限提醒”“小组件显示最近日程”“聚合全校消息通知”等增强功能。.,,,,,,,,False,2.0,,,,,,,,,,,,,,,,,,,,,
61,bitsrun.sh,BITNP/bitsrun.sh,,srun,,https://github.com/BITNP/bitsrun.sh,,,1.0,https://github.com/BITNP/bitsrun.sh,MIT,2025-03-15 23:13:51.691,2024-12-28 14:24:47,4,,,6.0,bash version of BITNP/bitsrun.,,,,,,,,False,3.0,,,,,,,,,,,,,,,,,,,,,
62,lexue_ddl,xiabee/lexue_ddl,,cal,['python'],https://github.com/xiabee/lexue_ddl,,,1.0,https://github.com/xiabee/lexue_ddl,,2020-03-03 14:03:32.000,2020-12-03 13:59:56,4,,1.0,5.0,view your own deadline of lexue.bit.edu.cn.,,,,,,,,False,2.0,,,,,,,,,,,,,,,,,,,,,
63,BIT_Matrix_Analysis_Course,NeoSunJZ/BIT_Matrix_Analysis_Course,,learning,,https://github.com/NeoSunJZ/BIT_Matrix_Analysis_Course,,,1.0,https://github.com/NeoSunJZ/BIT_Matrix_Analysis_Course,MIT,2023-02-14 09:25:40.000,2023-02-14 09:28:21,4,,,5.0,北京理工大学矩阵分析试题观察和往年试题，有帮助欢迎给Star，欢迎更多校友贡献资源.,,,,,,,,False,2.0,,,,,,,,,,,,,,,,,,,,,
64,Bon-for-Mac,Chriskuei/Bon-for-Mac,,srun,,https://github.com/Chriskuei/Bon-for-Mac,,,1.0,https://github.com/Chriskuei/Bon-for-Mac,MIT,2016-05-27 04:08:07.000,2017-11-15 05:37:19,4,2.0,,5.0,The elegant network client for BIT.,,,,,,,,False,3.0,,,,,,,,,,,,,,,,,,,,,
65,BIT-Report-LaTeX,CharlieLeee/BIT-Report-LaTeX,,template,['latex'],https://www.overleaf.com/latex/templates/beijing-institute-of-technology-report-template/szxqnwxtbcrb,,,1.0,https://github.com/CharlieLeee/BIT-Report-LaTeX,MIT,2020-05-29 04:07:15.000,2020-10-18 12:00:40,4,,,4.0,English and Chinese LaTex template for reports/projects/proposal at Beijing Institute of Technology.,,,,,,,,False,2.0,,,,,,,,,,,,,,,,,,,,,
66,北京理工大学开源软件镜像服务,BITNP/bitnp-mirrors-web,,apollo,['web'],https://mirrors.bit.edu.cn/,,,3.0,https://github.com/BITNP/bitnp-mirrors-web,,2020-04-01 00:33:51.000,2024-12-14 05:57:42,4,,2.0,4.0,镜像服务 Web 页面.,,,,,,,,False,3.0,,,,,,,,,,,,,,,,,,,,,
67,BUApp,wuhao-ouyang/BUApp,,org,,https://github.com/wuhao-ouyang/BUApp,,,3.0,https://github.com/wuhao-ouyang/BUApp,,2014-02-11 18:01:22.000,2016-05-17 01:39:53,4,1.0,1.0,4.0,北理FTP联盟android客户端.,,,,,,,,False,1.0,,,,,,,,,,,,,,,,,,,,,
68,Aya Login,frantic1048/aya-login,,srun,['web'],http://frantic1048.com/aya-login/,,,2.0,https://github.com/frantic1048/aya-login,MIT,2015-03-21 08:07:14.000,2015-10-21 00:24:53,4,,2.0,3.0,这是一个用于浏览器的 UserScript，提升 bit srun 3000 校园网登录体验。.,,,,,,,,False,3.0,,,,,,,,,,,,,,,,,,,,,
69,oh_my_course,MichaelToLearn/oh_my_course,,academic,['python'],https://github.com/MichaelToLearn/oh_my_course,,,2.0,https://github.com/MichaelToLearn/oh_my_course,Apache-2.0,2019-01-15 12:30:01.000,2019-01-15 12:49:29,4,,,3.0,【北理工】填一个excel表格就能抢课的python脚本。.,,,,,,,,False,2.0,,,,,,,,,,,,,,,,,,,,,
70,Numerical_Analysis_Notes,hc495/Numerical_Analysis_Notes,,learning,,https://github.com/hc495/Numerical_Analysis_Notes,,,1.0,https://github.com/hc495/Numerical_Analysis_Notes,MIT,2024-08-21 13:53:02.592,2021-12-08 13:15:45,4,2.0,,3.0,数值分析笔记，请随意使用 .,,,,,,,,False,2.0,,,,,,,,,,,,,,,,,,,,,
71,BIT PPT 模板生成器,yang-kun-long/bit-ppt-template,,template,,https://github.com/yang-kun-long/bit-ppt-template,,,1.0,https://github.com/yang-kun-long/bit-ppt-template,MIT,2026-05-11 04:16:14.373,2026-05-27 07:54:05,4,,,3.0,"LaTeX-free Beijing Institute of Technology style PPTX generator with YAML, CLI, Web UI, and MCP entrypoints.",,,,,,,,True,2.0,,,,,,,,,,,,,,,,,,,,,
72,Patch of BITJWC,fenprace/Patch-of-BITJWC,,academic,['web'],https://github.com/fenprace/Patch-of-BITJWC,,,1.0,https://github.com/fenprace/Patch-of-BITJWC,GPL-3.0,2016-09-21 01:56:30.000,2017-01-11 12:46:31,4,,,2.0,A script fixing bugs on the pages of jwc.bit.edu.cn.,,,,,,,,False,2.0,,,,,,,,,,,,,,,,,,,,,
73,bPlanner,phy25/bPlanner,,cal,,https://zaibit.com,,,1.0,https://github.com/phy25/bPlanner,MIT,2016-01-14 06:47:42.000,2018-03-14 11:17:42,4,,1.0,1.0,Schedule fetcher for BIT.,,,,,,,,False,2.0,,,,,,,,,,,,,,,,,,,,,
74,未来精工生存指南,TT2TER/BITFTechWiki,,agg,,https://bitft-wiki.vercel.app,,,2.0,https://github.com/TT2TER/BITFTechWiki,GPL-3.0,2022-08-19 07:42:24.000,2022-09-02 13:50:20,4,1.0,,,北理工未来精工技术学院生存指南.,,,,,,,,False,3.0,,,,,,,,,,,,tt29294/BITFTechWiki,https://gitee.com/tt29294/BITFTechWiki,1.0,,,,,,,
75,bitsrunlogin,zhwang1694/BIT-Srun-AutoLogin,bitsrunlogin,srun,['python'],https://pypi.org/project/bitsrunlogin/,,,,,GPL-3.0,,2020-12-28 11:38:26,4,,,,BIT network login based on terminal.,https://pypi.org/project/bitsrunlogin,2020-12-28 11:38:26.000,2020-12-28 11:38:26.000,0.1.0,1.0,39.0,39.0,False,3.0,,,,,,,,,,,,,,,,,,,,,
76,优化北理工成绩列表显示,,,academic,['web'],https://greasyfork.org/scripts/456009-%E4%BC%98%E5%8C%96%E5%8C%97%E7%90%86%E5%B7%A5%E6%88%90%E7%BB%A9%E5%88%97%E8%A1%A8%E6%98%BE%E7%A4%BA,,,,,MIT License,2022-12-04 17:43:09.000,2025-07-11 12:34:08,4,,,,脚本适用于北京理工大学教务系统成绩查询界面（支持校内访问、webvpn访问），调整成绩查询后表格的显示，并且能自动计算平均学分绩。.,,,,,,,,True,2.0,,,,,,,,,,,,,,,,456009.0,https://greasyfork.org/scripts/456009,https://update.greasyfork.org/scripts/456009/%E4%BC%98%E5%8C%96%E5%8C%97%E7%90%86%E5%B7%A5%E6%88%90%E7%BB%A9%E5%88%97%E8%A1%A8%E6%98%BE%E7%A4%BA.user.js,21.0,5.0,
77,北京理工大学评教脚本,,,academic,['web'],https://greasyfork.org/scripts/446772-%E5%8C%97%E4%BA%AC%E7%90%86%E5%B7%A5%E5%A4%A7%E5%AD%A6%E8%AF%84%E6%95%99%E8%84%9A%E6%9C%AC,,,,,MIT License,2022-06-20 11:58:49.000,2022-06-20 12:24:39,4,,,,北理工一键评教.,,,,,,,,False,2.0,,,,,,,,,,,,,,,,446772.0,https://greasyfork.org/scripts/446772,https://update.greasyfork.org/scripts/446772/%E5%8C%97%E4%BA%AC%E7%90%86%E5%B7%A5%E5%A4%A7%E5%AD%A6%E8%AF%84%E6%95%99%E8%84%9A%E6%9C%AC.user.js,53.0,5.0,
78,Signs,YDX-2147483647/signs,,office,,https://github.com/YDX-2147483647/signs,,,2.0,https://github.com/YDX-2147483647/signs,MIT,2024-06-13 08:07:00.194,2024-04-03 16:22:47,4,,,,整理腾讯在线收集表的签名。（适用于班级远程签字）.,,,,,,,,False,3.0,,,,,,,,,,,,,,,,,,,,,
79,培养方案显示已获得学分,,,academic,,https://greasyfork.org/scripts/472940-%E5%8C%97%E7%90%86%E5%B7%A5%E5%9F%B9%E5%85%BB%E6%96%B9%E6%A1%88%E6%98%BE%E7%A4%BA%E5%B7%B2%E8%8E%B7%E5%BE%97%E5%AD%A6%E5%88%86,,,,,MIT License,2023-08-12 09:30:39.000,2023-08-12 16:09:58,4,,,,用户在北理工本硕博一体化系统—我的培养方案中可以查看到系统内的已获得学分，查询结果仅供参考。.,,,,,,,,False,2.0,,,,,,,,,,,,,,,,472940.0,https://greasyfork.org/scripts/472940,https://update.greasyfork.org/scripts/472940/%E5%8C%97%E7%90%86%E5%B7%A5%E5%9F%B9%E5%85%BB%E6%96%B9%E6%A1%88%E6%98%BE%E7%A4%BA%E5%B7%B2%E8%8E%B7%E5%BE%97%E5%AD%A6%E5%88%86.user.js,6.0,5.0,
80,网瑞达科技的资源访问控制系统（WebVPN） 助手,,,edu-cn,,https://greasyfork.org/scripts/496336-bit-%E7%BD%91%E7%91%9E%E8%BE%BE%E7%A7%91%E6%8A%80%E7%9A%84%E8%B5%84%E6%BA%90%E8%AE%BF%E9%97%AE%E6%8E%A7%E5%88%B6%E7%B3%BB%E7%BB%9F-webvpn-%E5%8A%A9%E6%89%8B,,,,,MIT License,2024-05-28 12:39:23.000,2024-06-21 12:46:52,4,,,,更方便地使用北理的WebVPN服务，允许访问其他校内地址.,,,,,,,,False,3.0,,,,,,,,,,,,,,,,496336.0,https://greasyfork.org/scripts/496336,https://update.greasyfork.org/scripts/496336/BIT-%E7%BD%91%E7%91%9E%E8%BE%BE%E7%A7%91%E6%8A%80%E7%9A%84%E8%B5%84%E6%BA%90%E8%AE%BF%E9%97%AE%E6%8E%A7%E5%88%B6%E7%B3%BB%E7%BB%9F%EF%BC%88WebVPN%EF%BC%89%20%E5%8A%A9%E6%89%8B.user.js,3.0,5.0,
81,北理工-实验选课助手,,,academic,,https://greasyfork.org/scripts/555729-%E5%8C%97%E7%90%86%E5%B7%A5-%E5%AE%9E%E9%AA%8C%E9%80%89%E8%AF%BE%E5%8A%A9%E6%89%8B,,,,,MIT License,2025-11-13 15:21:24.000,2025-11-13 15:23:13,4,,,,bit 实验选课平台一点前端优化.,,,,,,,,True,2.0,,,,,,,,,,,,,,,,555729.0,https://greasyfork.org/scripts/555729,https://update.greasyfork.org/scripts/555729/%E5%8C%97%E7%90%86%E5%B7%A5-%E5%AE%9E%E9%AA%8C%E9%80%89%E8%AF%BE%E5%8A%A9%E6%89%8B.user.js,,5.0,
82,wyt8/bit-cs,wyt8/bit-cs,,learning,,https://github.com/wyt8/bit-cs,,,1.0,https://github.com/wyt8/bit-cs,,2025-08-05 06:30:08.093,2025-06-07 12:30:30,3,,,28.0,北京理工大学（北理工）计算机学院部分课程资料，主要为大作业、项目等。.,,,,,,,,False,3.0,,,,,,,,,,,,,,,,,,,,,
83,北京理工大学-本科-人工智能专业-通关手册,Z-Luan/BIT-AI,,learning,,https://github.com/Z-Luan/BIT-AI,,,1.0,https://github.com/Z-Luan/BIT-AI,,2024-08-18 15:49:28.482,2023-11-01 14:05:50,3,,,19.0,本人在该项目中分享了北京理工大学2020级人工智能专业相关课程的实验作业资料，欢迎star🌟。.,,,,,,,,False,3.0,,,,,,,,,,,,,,,,,,,,,
84,针对参加龙芯杯的若干建议,Silverster98/bit_nscscc_suggestion,,exp,,https://github.com/Silverster98/bit_nscscc_suggestion,,,2.0,https://github.com/Silverster98/bit_nscscc_suggestion,,2019-08-30 01:43:56.000,2019-10-31 08:28:54,3,1.0,,18.0,为了更好地帮助后来的同学参加龙芯杯，草拟了这份建议，望对后来人有所帮助.,,,,,,,,False,2.0,,,,,,,,,,,,,,,,,,,,,
85,BITCS19,Worter623/BITCS19,,learning,,https://github.com/Worter623/BITCS19,,,1.0,https://github.com/Worter623/BITCS19,,2023-02-28 05:37:44.000,2023-02-28 13:51:11,3,1.0,,17.0,北京理工大学（特立）计算机课程资料：19级or往年考题/项目代码/知识点总结.,,,,,,,,False,3.0,,,,,,,,,,,,,,,,,,,,,
86,BIT_Thesis,zhang-datou/BIT_Thesis,,template,['latex'],https://github.com/zhang-datou/BIT_Thesis,,,2.0,https://github.com/zhang-datou/BIT_Thesis,,2024-06-11 08:24:45.940,2020-05-03 02:12:21,3,9.0,2.0,12.0,北京理工大学硕士毕业论文word和latex模板.,,,,,,,,False,3.0,,,,,,,,,,,,,,,,,,,,,
87,数字信号处理,,,learning,['python'],https://gitee.com/spaitlab_0/Digital-Signal-Processing,,,,,GPL-3.0,2021-12-23 23:17:25.000,2025-11-20 11:09:16,3,6.0,,10.0,北京理工大学《数字信号处理》课程教学资料，采用Matlab和Python实现仿真。.,,,,,,,,True,3.0,,,,,,,,,,,,spaitlab_0/DSP-Book,https://gitee.com/spaitlab_0/Digital-Signal-Processing,2.0,,,,,,,
88,BIT_Score_Inquiry,YaooXu/BIT_Score_Inquiry,,academic,,https://github.com/YaooXu/BIT_Score_Inquiry,,,3.0,https://github.com/YaooXu/BIT_Score_Inquiry,,2019-08-09 06:46:30.000,2021-08-23 02:56:43,3,1.0,,10.0,北理工成绩更新查询&&计算加权.,,,,,,,,False,2.0,,,,,,,,,,,,,,,,,,,,,
89,CTF暑期培训,,,exp,,https://gitee.com/Chorolop/bitnsc2021-summer,,,,,GPL-3.0,2021-10-04 15:35:00.000,2022-09-25 14:17:37,3,3.0,,9.0,北京理工大学 信息安全实验室 / 网络安全俱乐部 2021 年 暑期培训 课件.,,,,,,,,False,2.0,,,,,,,,,,,,Chorolop/bitnsc2021-summer,https://gitee.com/Chorolop/bitnsc2021-summer,1.0,,,,,,,
90,Beijing-Institute-of-Technology-University-Physics,EnjunDu/Beijing-Institute-of-Technology-University-Physics-I,,learning,,https://github.com/EnjunDu/Beijing-Institute-of-Technology-University-Physics-I,,,1.0,https://github.com/EnjunDu/Beijing-Institute-of-Technology-University-Physics-I,,2024-06-15 08:07:18.249,2024-06-06 09:03:07,3,,,7.0,北理大学物理上.,,,,,,,,False,3.0,,,,,,,,,,,,,,,,,,,,,
91,Beamer Template for Beijing Institute of Technology,CharlieLeee/My_Beamer_Template,,template,,https://www.overleaf.com/latex/templates/beamer-template-for-beijing-institute-of-technology/kvcxtftsbrrh,,,1.0,https://github.com/CharlieLeee/My_Beamer_Template,,2020-09-17 07:52:41.000,2020-09-21 03:46:13,3,,,6.0,My Beamer Templates.,,,,,,,,False,3.0,,,,,,,,,,,,,,,,,,,,,
92,BitWebClient,yAnXImIN/BitWebClient,,srun,['java'],https://github.com/yAnXImIN/BitWebClient,,,3.0,https://github.com/yAnXImIN/BitWebClient,,2016-07-25 04:17:31.000,2016-07-25 08:18:02,3,1.0,,5.0,A Java Client for Beijing Institute of Technology Campus Web 北京理工大学校园网登录.,,,,,,,,False,3.0,,,,,,,,,,,,,,,,,,,,,
93,detect-BITOJ,YDX-2147483647/detect-BITOJ,,academic,['python'],https://github.com/YDX-2147483647/detect-BITOJ,,,1.0,https://github.com/YDX-2147483647/detect-BITOJ,,2020-12-02 11:48:22.000,2023-07-10 14:22:07,3,1.0,,5.0,探测BIT乐学OJ的保密测试用例（合法方法）.,,,,,,,,False,2.0,,,,,,,,,,,,,,,,,,,,,
94,北京理工大学-计算机科学与技术-计科课程资料-持续更新,liujiaqun/BIT-CS,,learning,,https://github.com/liujiaqun/BIT-CS,,,1.0,https://github.com/liujiaqun/BIT-CS,,2024-06-14 11:27:13.376,2024-05-11 14:49:52,3,,,5.0,北京理工大学-计算机科学与技术-计科课程资料-持续更新.,,,,,,,,False,3.0,,,,,,,,,,,,,,,,,,,,,
95,I_NEED_COURSE,friskit-china/I_NEED_COURSE,,academic,['python'],https://github.com/friskit-china/I_NEED_COURSE,,,,https://github.com/friskit-china/I_NEED_COURSE,,2016-09-14 13:01:32.000,2016-09-14 13:01:57,3,2.0,,4.0,北理工教务系统抢课工具.,,,,,,,,False,2.0,,,,,,,,,,,,,,,,,,,,,
96,理治棋壮,sswv/bitstronger,,apollo,['cpp'],https://github.com/sswv/bitstronger,,,1.0,https://github.com/sswv/bitstronger,GPL-2.0,2015-06-06 00:42:19.000,2015-06-06 01:28:31,3,2.0,,4.0,一个基于中国象棋通用引擎协议（UCCI）的中国象棋计算机博弈引擎。.,,,,,,,,False,3.0,,,,,,,,,,,,,,,,,,,,,
97,bitunion,finalion/bitunion,,org,,https://github.com/finalion/bitunion,,,1.0,https://github.com/finalion/bitunion,,2013-06-06 11:28:25.000,2013-07-28 17:22:13,3,7.0,,4.0,北理FTP联盟论坛android客户端.,,,,,,,,False,2.0,,,,,,,,,,,,,,,,,,,,,
98,Batch_Collections ➡️ Campus_network,KJH-x/Batch_Collections,,srun,['python'],https://github.com/KJH-x/Batch_Collections,,,2.0,https://github.com/KJH-x/Batch_Collections,WTFPL,2025-03-15 23:14:20.212,2024-03-20 16:39:40,3,1.0,,3.0,校园网脚本（登录、登出，自动重连）.,,,,,,,,False,3.0,,,,,,,,,,,,,,,,,,,,,
99,BIT-Automation-Proposal-Report,CharlieLeee/BIT-Automation-Proposal-Report,,template,['latex'],https://github.com/CharlieLeee/BIT-Automation-Proposal-Report,,,1.0,https://github.com/CharlieLeee/BIT-Automation-Proposal-Report,MIT,2021-01-02 05:28:05.000,2021-01-19 15:05:17,3,2.0,,2.0,北理自动化毕业设计开题报告LaTeX模板.,,,,,,,,False,3.0,,,,,,,,,,,,,,,,,,,,,
100,Starry-BITPT,frantic1048/Starry-BITPT,,org,['web'],https://github.com/frantic1048/Starry-BITPT,,,2.0,https://github.com/frantic1048/Starry-BITPT,MIT,2014-12-02 11:01:56.000,2014-12-03 07:34:03,3,,,1.0,极速之星全站夜空风格的混乱邪恶的 Stylish 样式.,,,,,,,,False,2.0,,,,,,,,,,,,,,,,,,,,,
101,BIT-AutoLogin-UserScript,YuhangHere/BIT-AutoLogin-UserScript,,edu-cn,,https://github.com/YuhangHere/BIT-AutoLogin-UserScript,,,1.0,https://github.com/YuhangHere/BIT-AutoLogin-UserScript,MIT,2025-09-07 03:05:12.177,2025-06-28 09:23:37,3,,,1.0,通过脚本实现BIT网站自动登录，可在学校任意网站页面通过一个总菜单管理所有操作。.,,,,,,,,False,3.0,,,,,,,,,,,,,,,,,,,,,
102,BIT WebVPN URL 双向转换器（浏览器扩展）,YDX-2147483647/bit-webvpn-converter-web-extension,,edu-cn,['web'],https://addons.mozilla.org/zh-CN/firefox/addon/bit-webvpn-converter/,,,1.0,https://github.com/YDX-2147483647/bit-webvpn-converter-web-extension,,2022-11-12 13:43:24.000,2023-07-10 14:25:23,3,,1.0,,BIT WebVPN URL 双向转换器。 （浏览器扩展）.,,,,,,,,False,3.0,,,,,,,,,,,,,,,,,,,,,
103,北京理工大学大学生职业发展协会综合签到系统,zhbitscda/SCDA_signsys_latest,,org,,http://signsys.zhbitscda.com/,,,,https://github.com/zhbitscda/SCDA_signsys_latest,,2017-04-21 05:07:05.000,2017-04-27 18:45:21,3,,,,北京理工大学大学生职业发展协会综合签到系统.,,,,,,,,False,2.0,,,,,,,,,,,,,,,,,,,,,
104,混合现实与新型显示实验室/虚拟人资产,,,exp,,https://gitee.com/bitmrlab/virtual-human-assets,,,,,Apache-2.0,2021-06-17 20:13:16.000,2021-08-30 11:46:59,3,0.0,,,本仓库开源了基于lightstage搭建的大球人脸形状及材质系统采集的高精度人脸模型和材质资产。数据来源北京理工大学混合现实与新型显示实验室。.,,,,,,,,False,2.0,,,,,,,,,,,,bitmrlab/virtual-human-assets,https://gitee.com/bitmrlab/virtual-human-assets,1.0,,,,,,,
105,BIT物理实验数据处理工具,,,misc,['python'],https://gitee.com/Creeper_LKF/BIT-Physics-Experiment,,,,,CC-BY-SA-4.0,2021-10-01 20:20:09.000,2021-10-02 17:58:33,3,0.0,,,这个仓库用来存放北京理工大学物理实验相关资料。.,,,,,,,,False,2.0,,,,,,,,,,,,Creeper_LKF/BIT-Physics-Experiment,https://gitee.com/Creeper_LKF/BIT-Physics-Experiment,1.0,,,,,,,
106,延河课堂播放功能增强,OrdosX/yanhekt-tool,,academic,['web'],https://greasyfork.org/scripts/434987-%E5%BB%B6%E6%B2%B3%E8%AF%BE%E5%A0%82%E6%92%AD%E6%94%BE%E5%A2%9E%E5%BC%BA,,,,,,2021-11-04 11:36:38.000,2022-01-02 06:26:25,3,,,,视频列表内一大节只显示一个链接，点击视频空白处切换播放暂停，左右方括号切换2倍速和原速，数字键1和2切换单双屏.,,,,,,,,False,2.0,,,,,,,,,,,,,,,,434987.0,https://greasyfork.org/scripts/434987,https://update.greasyfork.org/scripts/434987/%E5%BB%B6%E6%B2%B3%E8%AF%BE%E5%A0%82%E6%92%AD%E6%94%BE%E5%A2%9E%E5%BC%BA.user.js,75.0,20.7,
107,北理工乐学增强,,,academic,['web'],https://greasyfork.org/scripts/34730-%E5%8C%97%E7%90%86%E5%B7%A5%E4%B9%90%E5%AD%A6%E5%A2%9E%E5%BC%BA,,,,,,2017-11-02 08:48:22.000,2021-03-02 02:17:53,3,,,,增强北理工乐学的功能.,,,,,,,,False,2.0,,,,,,,,,,,,,,,,34730.0,https://greasyfork.org/scripts/34730,https://update.greasyfork.org/scripts/34730/%E5%8C%97%E7%90%86%E5%B7%A5%E4%B9%90%E5%AD%A6%E5%A2%9E%E5%BC%BA.user.js,154.0,34.2,
108,乐学增强脚本整合包,,,academic,,https://greasyfork.org/scripts/510922-%E5%8C%97%E4%BA%AC%E7%90%86%E5%B7%A5%E5%A4%A7%E5%AD%A6-bit-%E4%B9%90%E5%AD%A6%E5%A2%9E%E5%BC%BA%E8%84%9A%E6%9C%AC%E6%95%B4%E5%90%88%E5%8C%85,,,,,GNU General Public License v3.0 or later,2024-09-30 15:47:19.000,2025-10-26 10:26:10,3,,,,乐学脚本儿大礼包.,,,,,,,,True,2.0,,,,,,,,,,,,,,,,510922.0,https://greasyfork.org/scripts/510922,https://update.greasyfork.org/scripts/510922/%5B%E5%8C%97%E4%BA%AC%E7%90%86%E5%B7%A5%E5%A4%A7%E5%AD%A6%20BIT%5D%20%E4%B9%90%E5%AD%A6%E5%A2%9E%E5%BC%BA%E8%84%9A%E6%9C%AC%E6%95%B4%E5%90%88%E5%8C%85.user.js,22.0,5.0,
109,物理实验计算平台,lamaper/lamaper.github.io,,misc,,https://lamaper.github.io/physics/,,,1.0,https://github.com/lamaper/lamaper.github.io,CC BY-NC-SA 4.0,2023-02-27 12:44:13.000,2023-02-27 12:44:14,3,,,,my website.,,,,,,,,False,2.0,,,,,,,,,,,,,,,,,,,,,
110,北京理工大学数据库复习总结,donglinkang2021/DatabaseReview,,learning,,https://donglinkang2021.github.io/DatabaseReview/,,,1.0,https://github.com/donglinkang2021/DatabaseReview,,2024-10-01 10:36:50.083,2023-06-16 08:38:27,2,2.0,,10.0,北京理工大学大二下数据库复习总结.,,,,,,,,False,3.0,,,,,,,,,,,,,,,,,,,,,
111,数字逻辑期末考试复习,donglinkang2021/DigitLogic,,learning,,https://donglinkang2021.github.io/DigitLogic/,,,1.0,https://github.com/donglinkang2021/DigitLogic,,2024-10-01 10:36:50.684,2023-06-16 08:51:33,2,2.0,,10.0,北京理工大学大二下数字逻辑复习总结.,,,,,,,,False,3.0,,,,,,,,,,,,,,,,,,,,,
112,BITLOGIN,Touko2000/BITLOGIN,,srun,['python'],https://github.com/Touko2000/BITLOGIN,,,1.0,https://github.com/Touko2000/BITLOGIN,,2021-05-11 13:42:53.000,2022-05-16 13:06:10,2,1.0,,7.0,北理工服务器校园网登录.,,,,,,,,False,3.0,,,,,,,,,,,,,,,,,,,,,
113,LexueAPI,BIT-BOBH/LexueAPI,,academic,,https://github.com/BIT-BOBH/LexueAPI,,,1.0,https://github.com/BIT-BOBH/LexueAPI,,2023-08-29 08:27:55.000,2023-09-01 00:52:37,2,,,7.0,北京理工大学第三方乐学api实现.,,,,,,,,False,3.0,,,,,,,,,,,,,,,,,,,,,
114,BIT-Courses-for-C-and-CPP,dzyxdd/BIT-Courses-for-C-and-CPP,,learning,,https://github.com/dzyxdd/BIT-Courses-for-C-and-CPP,,,2.0,https://github.com/dzyxdd/BIT-Courses-for-C-and-CPP,,2024-04-23 09:41:17.449,2023-07-18 08:35:51,2,1.0,,5.0,北京理工大学C语言程序设计、程序设计方法与实践、数据结构与算法设计等课程题目程序整理（更新中）.,,,,,,,,False,3.0,,,,,,,,,,,,,,,,,,,,,
115,LenovoPlayPause,FrzMtrsprt/LenovoPlayPause,,apollo,,https://github.com/FrzMtrsprt/LenovoPlayPause,,,1.0,https://github.com/FrzMtrsprt/LenovoPlayPause,,2024-06-19 06:47:10.661,2024-10-09 00:11:38,2,1.0,,5.0,Map the user-defined key to Play / Pause key on Lenovo laptops.,,,,,,,,False,3.0,,,,,,,,,,,,,,,,,,,,,
116,一点儿北理地图,,,cal,['web'],https://map.bitnp.net/,,,,,,2021-07-24 19:38:18.000,2023-07-10 22:19:18,2,0.0,1.0,4.0,一个校园地图。 校内：https://map.bitnp.net/ 。 旧版：https://capchdo.com/xyc/map 。.,,,,,,,,False,3.0,,,,,,,,,,,,YDX-2147483647/map,https://gitee.com/YDX-2147483647/map,7.0,,,,,,,
117,10.0.0.55 enhance,fky2015/10-0-0-55-enhance,,srun,['web'],https://greasyfork.org/scripts/367663-10-0-0-55-enhance,,,1.0,https://github.com/fky2015/10-0-0-55-enhance,,2018-05-07 16:10:55.000,2018-08-29 05:27:53,2,,,4.0,make 10.0.0.55 clearer and better.,,,,,,,,False,3.0,,,,,,,,,,,,,,,,367663.0,https://greasyfork.org/scripts/367663,https://update.greasyfork.org/scripts/367663/100055%20enhance.user.js,19.0,5.0,
118,bit-jwc-v1,Freeza91/bit-jwc-v1,,academic,,https://github.com/Freeza91/bit-jwc-v1,,,1.0,https://github.com/Freeza91/bit-jwc-v1,,2014-11-06 13:43:18.000,2014-12-22 07:28:41,2,,,3.0,教务处数据、微信交互、登录北理在线、课表简单排序。.,,,,,,,,False,3.0,,,,,,,,,,,,,,,,,,,,,
119,北理FTP联盟定时自动刷贴,Freeza91/bit-ftp,,org,,https://github.com/Freeza91/bit-ftp,,,2.0,https://github.com/Freeza91/bit-ftp,,2014-10-12 14:39:52.000,2014-10-27 03:59:47,2,,,3.0,"北理FTP联盟自动刷贴,定时分析帖子.",,,,,,,,False,3.0,,,,,,,,,,,,,,,,,,,,,
120,BITLogin-Node,BIT-BOBH/BITLogin-Node,,srun,['web'],https://github.com/BIT-BOBH/BITLogin-Node,,,1.0,https://github.com/BIT-BOBH/BITLogin-Node,,2022-08-18 16:30:25.000,2022-08-18 16:31:04,2,,,3.0,北理工统一身份验证第三方接入的NodeJS实现.,,,,,,,,False,3.0,,,,,,,,,,,,,,,,,,,,,
121,北理工-大一上学期-C语言程序设计-乐学lexueOJ-所有题目的AC代码合集,liujiaqun/BIT-C,,learning,,https://github.com/liujiaqun/BIT-C,,,1.0,https://github.com/liujiaqun/BIT-C,,2024-06-14 11:27:15.303,2024-05-11 14:09:08,2,,,3.0,北京理工大学-C语言程序设计代码-乐学lexueOJ-所有题目的AC代码合集.,,,,,,,,False,3.0,,,,,,,,,,,,,,,,,,,,,
122,donglinkang2021/os_review,donglinkang2021/os_review,,learning,,https://github.com/donglinkang2021/os_review,,,1.0,https://github.com/donglinkang2021/os_review,,2024-10-01 10:36:50.270,2023-12-08 07:06:08,2,,,3.0,北京理工大学操作系统期末考试复习笔记.,,,,,,,,False,3.0,,,,,,,,,,,,,,,,,,,,,
123,BIT_TechRep_CN,yuzhangbit/BIT_TechRep_CN,,template,['latex'],https://github.com/yuzhangbit/BIT_TechRep_CN,,,2.0,https://github.com/yuzhangbit/BIT_TechRep_CN,,2016-03-19 20:47:20.000,2016-09-29 04:55:30,2,3.0,,2.0,A technique report latex template for BIT.,,,,,,,,False,3.0,,,,,,,,,,,,,,,,,,,,,
124,问答：操作系统原理,YDX-2147483647/os_qa,,learning,,https://github.com/YDX-2147483647/os_qa,,,1.0,https://github.com/YDX-2147483647/os_qa,,2022-10-31 06:56:50.000,2022-10-31 07:49:46,2,,,2.0,问答：操作系统原理。 （2022年9月至10月）.,,,,,,,,False,3.0,,,,,,,,,,,,,,,,,,,,,
125,auto_course_select,entalent/auto_course_select,,academic,,https://github.com/entalent/auto_course_select,,,1.0,https://github.com/entalent/auto_course_select,,2017-09-16 08:28:04.000,2017-09-16 08:28:05,2,,,2.0,"A python program for auto selecting course, based on selenium.",,,,,,,,False,3.0,,,,,,,,,,,,,,,,,,,,,
126,BIT-thesis-template,PolarLion/BIT-thesis-template,,template,['latex'],https://github.com/PolarLion/BIT-thesis-template,,,1.0,https://github.com/PolarLion/BIT-thesis-template,,2025-09-06 12:24:14.444,2022-10-03 05:35:54,2,,,1.0,北京理工大学研究生毕业论文无bug模板-template for graduate thesis of Beijing Institute of Technology (No bug ver.).,,,,,,,,False,3.0,,,,,,,,,,,,,,,,,,,,,
127,嵌入式系统原理与应用/v853-bare,,,learning,"['asm', 'cpp']",https://gitee.com/bitpmcrg/v853-bare,,,,,MIT,2022-11-21 11:15:20.000,2023-05-07 14:02:29,2,1.0,,1.0,全志v853芯片裸机开发示例程序。.,,,,,,,,False,3.0,,,,,,,,,,,,bitpmcrg/v853-bare,https://gitee.com/bitpmcrg/v853-bare,1.0,,,,,,,
128,YanhePrivilege,BIT-BOBH/YanhePrivilege,,academic,['web'],https://github.com/BIT-BOBH/YanhePrivilege,,,1.0,https://github.com/BIT-BOBH/YanhePrivilege,,2022-06-28 13:32:40.000,2022-06-28 13:37:39,2,,,1.0,A tampermonkey script that allows you to play any class video in YanheKetang.,,,,,,,,False,3.0,,,,,,,,,,,,,,,,,,,,,
129,zaiBIT,phy25/zaiBITstatic,,agg,,https://zaibit.com,,,1.0,https://github.com/phy25/zaiBITstatic,,2016-08-03 07:02:13.000,2016-10-26 13:40:26,2,,,1.0,zaibit.com static site.,,,,,,,,False,3.0,,,,,,,,,,,,,,,,,,,,,
130,北京理工大学集成电路设计实践1,Devil-SX/integrated_circuit_practice,,learning,['hdl'],https://github.com/Devil-SX/integrated_circuit_practice,,,1.0,https://github.com/Devil-SX/integrated_circuit_practice,,2022-05-16 14:36:00.000,2022-05-23 08:13:14,2,1.0,,1.0,百丽宫集成电路设计实践课.,,,,,,,,False,3.0,,,,,,,,,,,,,,,,,,,,,
131,组织部芝士虾,bitnp/cheesy-shrimp,,org,,https://bitnp.github.io/cheesy-shrimp/,,,4.0,https://github.com/bitnp/cheesy-shrimp,,2023-07-19 08:20:03.000,2025-02-26 16:04:43,2,2.0,,1.0,2023年夏在QQ群“2022网协组织部”发生的 stand alone complex 现象。.,,,,,,,,False,3.0,,,,,,,,,,,,,,,,,,,,,
132,BIT_Second_Round_Exam,Sologala/BIT_Second_Round_Exam,,learning,,https://github.com/Sologala/BIT_Second_Round_Exam,,,1.0,https://github.com/Sologala/BIT_Second_Round_Exam,,2019-02-20 08:57:00.000,2019-03-22 09:09:22,2,,,1.0,北京理工大学复试历年上机代码.,,,,,,,,False,3.0,,,,,,,,,,,,,,,,,,,,,
133,Python语言程序设计 学习笔记,crazykuma/LearnPythonBIT,,learning,,https://github.com/crazykuma/LearnPythonBIT,,,1.0,https://github.com/crazykuma/LearnPythonBIT,,2019-07-22 11:01:48.000,2019-08-03 06:41:08,2,1.0,,1.0,Python语言程序设计_北京理工大学.,,,,,,,,False,3.0,,,,,,,,,,,,,,,,,,,,,
134,bit_economy,haohaolalahao/bit_economy,,learning,,https://github.com/haohaolalahao/bit_economy,,,,https://github.com/haohaolalahao/bit_economy,,2018-04-30 02:47:20.000,2018-05-05 22:59:06,2,2.0,,1.0,经济学概论前八周已做过题目题库.,,,,,,,,False,3.0,,,,,,,,,,,,,,,,,,,,,
135,SenseCaption,sukurajima-mai/SenseCaption,,academic,,https://github.com/sukurajima-mai/SenseCaption,,,1.0,https://github.com/sukurajima-mai/SenseCaption,,2026-06-14 15:01:11.073,2026-05-29 07:46:03,2,,,1.0,课程录像一键生成字幕 · 本地推理无需GPU · 支持批量处理与LLM术语纠错.,,,,,,,,True,3.0,,,,,,,,,,,,,,,,,,,,,
136,HowMuch,RaulWei/HowMuch,,academic,"['python', 'web']",https://github.com/RaulWei/HowMuch,,,2.0,https://github.com/RaulWei/HowMuch,,2015-06-07 11:43:54.000,2015-08-03 12:03:24,2,1.0,,,北京理工大学研究生教务处机器人.,,,,,,,,False,3.0,,,,,,,,,,,,,,,,,,,,,
137,BIT CAS login,,,misc,['python'],https://gitee.com/felinae98/BIT-CAS-login,,,,,GPL-3.0,2018-01-10 14:41:27.000,2020-12-19 13:26:52,2,0.0,,,login to login.bit.edu.cn.,,,,,,,,False,3.0,,,,,,,,,,,,felinae98/BIT-CAS-login,https://gitee.com/felinae98/BIT-CAS-login,1.0,,,,,,,
138,bit_jwc,haohaolalahao/bit_jwc,,academic,['python'],https://github.com/haohaolalahao/bit_jwc,,,1.0,https://github.com/haohaolalahao/bit_jwc,,2017-12-21 09:13:18.000,2018-01-02 00:45:08,2,1.0,,,成绩查询、考试信息查询、一键评教。.,,,,,,,,False,3.0,,,,,,,,,,,,,,,,,,,,,
139,BIT-linux-login,long-username/BIT-linux-login,,srun,['web'],https://github.com/long-username/BIT-linux-login,,,1.0,https://github.com/long-username/BIT-linux-login,,2020-07-30 05:06:54.000,2020-07-30 05:08:18,2,,,,北京理工大学，命令行-登陆客户端，支持 linux，windows 以及 macos。主要作为 ssh 远程登录.,,,,,,,,False,3.0,,,,,,,,,,,,,,,,,,,,,
140,学生事务中心办事指南,,,agg,,https://howto.info.bit.edu.cn/,,,,,CC BY 4.0,,2021-11-26,2,,,,“办事指南” DokuWiki 站点，由北京理工大学学生事务中心建立，目前处于试运行阶段。.,,,,,,,,False,3.0,,,,,,,,,,,,,,,,,,,,,
141,helping-check-answer,,,misc,['web'],https://greasyfork.org/scripts/367662-helping-check-answer,,,,,,2018-05-07 16:05:09.000,2018-05-07 16:07:38,2,,,,形势政策答题查询.,,,,,,,,False,3.0,,,,,,,,,,,,,,,,367662.0,https://greasyfork.org/scripts/367662,https://update.greasyfork.org/scripts/367662/helping-check-answer.user.js,1087.0,5.0,
142,BIT-Moodle-Video-Speed-Up,,,academic,['web'],https://greasyfork.org/scripts/396818-bit-moodle-video-speed-up,,,,,,2020-02-24 07:32:06.000,2020-02-24 07:32:06,2,,,,北理乐学视频倍率播放.,,,,,,,,False,3.0,,,,,,,,,,,,,,,,396818.0,https://greasyfork.org/scripts/396818,https://update.greasyfork.org/scripts/396818/BIT-Moodle-Video-Speed-Up.user.js,161.0,5.0,
143,北理乐学视频下载助手,,,academic,['web'],https://greasyfork.org/scripts/422933-%E5%8C%97%E7%90%86%E4%B9%90%E5%AD%A6%E8%A7%86%E9%A2%91%E4%B8%8B%E8%BD%BD%E5%8A%A9%E6%89%8B,,,,,,2021-03-09 09:02:21.000,2021-03-09 09:02:21,2,,,,将课程列表的播放页面链接替换成视频文件下载链接！.,,,,,,,,False,3.0,,,,,,,,,,,,,,,,422933.0,https://greasyfork.org/scripts/422933,https://update.greasyfork.org/scripts/422933/%E5%8C%97%E7%90%86%E4%B9%90%E5%AD%A6%E8%A7%86%E9%A2%91%E4%B8%8B%E8%BD%BD%E5%8A%A9%E6%89%8B.user.js,21.0,5.0,
144,BIT-Moodle-Theme-Enhance,fky2015/BIT-Moodle-dracula-Theme,,academic,['web'],https://greasyfork.org/scripts/397151-bit-moodle-theme-enhance,,,,,,2020-03-01 13:25:46.000,2020-03-04 03:55:06,2,,,,provide mordern theme design for moodle system.,,,,,,,,False,3.0,,,,,,,,,,,,,,,,397151.0,https://greasyfork.org/scripts/397151,https://update.greasyfork.org/scripts/397151/BIT-Moodle-Theme-Enhance.user.css,33.0,5.0,
145,北理乐学美化,,,academic,['web'],https://greasyfork.org/scripts/415353-%E5%8C%97%E7%90%86%E4%B9%90%E5%AD%A6%E7%BE%8E%E5%8C%96,,,,,,2020-11-03 04:17:44.000,2020-11-03 04:17:44,2,,,,优化乐学的显示界面.,,,,,,,,False,3.0,,,,,,,,,,,,,,,,415353.0,https://greasyfork.org/scripts/415353,https://update.greasyfork.org/scripts/415353/%E5%8C%97%E7%90%86%E4%B9%90%E5%AD%A6%E7%BE%8E%E5%8C%96.user.js,16.0,5.0,
146,神楽坂暮雪/延河课堂视频下载,,,academic,['web'],https://greasyfork.org/scripts/420055-%E5%BB%B6%E6%B2%B3%E8%AF%BE%E5%A0%82%E8%A7%86%E9%A2%91%E4%B8%8B%E8%BD%BD,,,,,,2021-01-12 06:18:04.000,2021-01-12 10:40:09,2,,,,下载延河课堂视频，方便下载.,,,,,,,,False,3.0,,,,,,,,,,,,,,,,420055.0,https://greasyfork.org/scripts/420055,https://update.greasyfork.org/scripts/420055/%E5%BB%B6%E6%B2%B3%E8%AF%BE%E5%A0%82%E8%A7%86%E9%A2%91%E4%B8%8B%E8%BD%BD.user.js,212.0,5.0,
147,让北理工网站正常一点,,,edu-cn,['web'],https://greasyfork.org/scripts/33194-%E8%AE%A9%E5%8C%97%E7%90%86%E5%B7%A5%E7%BD%91%E7%AB%99%E6%AD%A3%E5%B8%B8%E4%B8%80%E7%82%B9,,,,,,2017-09-14 12:55:48.000,2017-11-24 15:27:19,2,,,,让北理工网站能够在chrome/firefox/等上正常运行.,,,,,,,,False,3.0,,,,,,,,,,,,,,,,33194.0,https://greasyfork.org/scripts/33194,https://update.greasyfork.org/scripts/33194/%E8%AE%A9%E5%8C%97%E7%90%86%E5%B7%A5%E7%BD%91%E7%AB%99%E6%AD%A3%E5%B8%B8%E4%B8%80%E7%82%B9.user.js,50.0,5.0,
148,BIT 新版物理实验选课系统增强,,,academic,,https://greasyfork.org/scripts/529476-bit-%E6%96%B0%E7%89%88%E7%89%A9%E7%90%86%E5%AE%9E%E9%AA%8C%E9%80%89%E8%AF%BE%E7%B3%BB%E7%BB%9F%E5%A2%9E%E5%BC%BA,,,,,,2025-03-11 08:36:26.000,2025-03-11 08:36:26,2,,,,史山破破烂烂，小猫缝缝补补.,,,,,,,,False,3.0,,,,,,,,,,,,,,,,529476.0,https://greasyfork.org/scripts/529476,https://update.greasyfork.org/scripts/529476/BIT%20%E6%96%B0%E7%89%88%E7%89%A9%E7%90%86%E5%AE%9E%E9%AA%8C%E9%80%89%E8%AF%BE%E7%B3%BB%E7%BB%9F%E5%A2%9E%E5%BC%BA.user.js,2.0,5.0,
149,CourseGrab,LingRuo-BIT/CourseGrab,,academic,,{},,,,,MIT,,,2,,,,,,,,,,,,False,3.0,,,,,,,,,,,,,,,,,,,,,
150,LingRuo-BIT/BITBusGrab,LingRuo-BIT/BITBusGrab,,cal,,{},,,,,MIT,,,2,,,,,,,,,,,,False,3.0,,,,,,,,,,,,,,,,,,,,,
151,YaphetLee2002/BITBusGrab,YaphetLee2002/BITBusGrab,,cal,,{},,,,,MIT,,,2,,,,,,,,,,,,False,3.0,,,,,,,,,,,,,,,,,,,,,
152,ACM寒假集训,,,exp,,https://gitee.com/TastyHeadphones/BITACM,,,,,,2021-01-25 17:44:51.000,2024-09-28 22:32:23,1,1.0,,4.0,北京理工大学ACM集训ppt.,,,,,,,,False,3.0,,,,,,,,,,,,TastyHeadphones/BITACM,https://gitee.com/TastyHeadphones/BITACM,1.0,,,,,,,
153,bit-cas-profile,liling/bit-cas-profile,,edu-cn,,https://github.com/liling/bit-cas-profile,,,1.0,https://github.com/liling/bit-cas-profile,,2011-02-01 16:24:42.000,2011-04-02 01:08:35,1,,,2.0,profile function of bit cas system.,,,,,,,,False,3.0,,,,,,,,,,,,,,,,,,,,,
154,bit-cas-server,liling/bit-cas-server,,edu-cn,,https://github.com/liling/bit-cas-server,,,2.0,https://github.com/liling/bit-cas-server,,2011-02-24 12:59:10.000,2013-07-12 09:05:48,1,,,2.0,CAS Customization for BIT.,,,,,,,,False,3.0,,,,,,,,,,,,,,,,,,,,,
155,AutoBook,,,cal,['java'],https://gitee.com/guang-ming-fu/auto-book,,,,,GPL-3.0,2021-12-02 00:28:26.000,2023-01-16 19:37:52,1,0.0,,1.0,自动预约北理工图书馆自习室的脚本（由于网站更新，光速失效）.,,,,,,,,False,3.0,,,,,,,,,,,,guang-ming-fu/auto-book,https://gitee.com/guang-ming-fu/auto-book,2.0,,,,,,,
156,bit正方教务处,,,academic,['python'],https://gitee.com/felinae98/bitJwcToolkit,,,,,GPL-2.0,2017-10-24 23:26:35.000,2020-12-19 13:26:52,1,0.0,,1.0,北理教务处套件.,,,,,,,,False,3.0,,,,,,,,,,,,felinae98/bitJwcToolkit,https://gitee.com/felinae98/bitJwcToolkit,1.0,,,,,,,
157,WebvpnExploit,BIT-BOBH/WebvpnExploit,,edu-cn,['web'],https://webvpn.bit.edu.cn/https/77726476706e69737468656265737421e7f2438a373e2652771cc7b69d5b2730bb0f351d/,,,1.0,https://github.com/BIT-BOBH/WebvpnExploit,,2022-10-09 12:22:25.000,2022-10-13 15:44:58,1,,,1.0,Exploit of cross domain vulnerabilities of webvpn.,,,,,,,,False,3.0,,,,,,,,,,,,,,,,,,,,,
158,北京理工大学自动评教助手,,,academic,['python'],https://zhuanlan.zhihu.com/p/346248138,,,,,,2021-01-23 12:56:38.000,2021-11-18 12:09:48,1,0.0,,,【小工具】北京理工大学自动评教助手.,,,,,,,,False,3.0,,,,,,,,,,,,larry6799/pingjiao,https://gitee.com/larry6799/pingjiao,1.0,,,,,,,
159,英语学习笔记,,,learning,,https://bit-study-notes.gitee.io/college-english,,,,,,2023-03-03 16:33:26.000,2023-08-29 17:09:57,1,0.0,,,北理工大学英语学习笔记.,,,,,,,,False,3.0,,,,,,,,,,,,bit-study-notes/college-english,https://gitee.com/bit-study-notes/college-english,1.0,,,,,,,
160,校内服务器联网脚本,,,srun,['python'],https://gitee.com/burette/BIT-WEB,,,,,,2020-05-08 16:32:08.000,2020-12-19 08:24:27,1,0.0,,,北理工校内服务器联网脚本.,,,,,,,,False,3.0,,,,,,,,,,,,burette/BIT-WEB,https://gitee.com/burette/BIT-WEB,1.0,,,,,,,
161,BITNetworkTool,lgasyou/BITNetworkTool,,srun,['python'],https://github.com/lgasyou/BITNetworkTool,,,1.0,https://github.com/lgasyou/BITNetworkTool,,2026-06-25 23:24:21.385,2020-09-11 13:22:38,1,,,,北京理工大学校园网命令行连接工具.,,,,,,,,False,3.0,,,,,,,,,,,,,,,,,,,,,
162,BIT Beamer Theme,,,template,,https://www.overleaf.com/latex/templates/bit-beamer-theme/ycbqhbxrqjvs,,,,,CC BY 4.0,,,1,,,,,,,,,,,,True,3.0,,,,,,,,,,,,,,,,,,,,,
163,北理工PPT模板（BITPPT）,,,template,,https://mp.weixin.qq.com/s/UhkYfN4KtJPU0wyqH4bFLg,,,,,,,2026-03-17,1,,,,选用北理代表的绿色和褐色，融入校徽、校训等校园文化元素，包含经典版（校本部 v5.5、珠海 v1.5）、先锋系列（两校区 × 延安红/北理绿）v1.0、简历模板 v1.1、投稿信模板..,,,,,,,,True,3.0,,,,,,,,,,,,,,,,,,,,,
164,torchattack,daisylab-bit/torchattack,,apollo,,{},5.0,5.0,9.0,,,,,1,,,,,,,,,,,,False,3.0,,,,,,,,,,,,,,,-10.0,,,,,,
165,BITNP 新生电脑选购指南,,,agg,,https://docs.qq.com/aio/p/scmzu718dzus0zl,,,,,,,2024-09-07,1,,,,本篇电脑推荐表旨在以较为普适而全面的视角，依据参数和价格推荐适合同学们在校园使用的笔记本。（电脑诊所是我校纯志愿性质组织，为全校师生无偿提供电脑维护服务。）.,,,,,,,,False,3.0,,,,,,,,,,,,,,,,,,,,,
166,Bing Sun ➡️ Teaching,sunamss/sunamss.github.io,,learning,,https://sunamss.github.io/teaching.html,,,,,,,,1,,,,孙兵老师是我校数学学院教授，《工科数学分析》教材作者之一。该网页有教材及习题全解勘误、学期情况和PPT课件、教学大纲、试题试卷等资料。.,,,,,,,,True,3.0,,,,,,,,,,,,,,,,,,,,,
167,Python机器学习应用,,,learning,,https://gitee.com/chen_zi_chung/Machine-Learning-with-Python,,,,,,2020-04-22 08:20:38.000,2022-03-11 09:45:47,0,0.0,,1.0,北京理工大学Python相关系列全套课程.,,,,,,,,False,,,,,,,,,,,,,chen_zi_chung/Machine-Learning-with-Python,https://gitee.com/chen_zi_chung/Machine-Learning-with-Python,1.0,,,,,,,
168,北京理工大学计算机学院视觉形象系统,BITCS1958/BITCS-Visual-image-recognition-system,,org,,{},,,,,,,,0,,,,,,,,,,,,False,,,,,,,,,,,,,,,,,,,,,,
169,BIT-Titled-Letter-Paper,jincao2013/BIT-Titled-Letter-Paper,,office,,{},,,,,,,,0,,,,,,,,,,,,False,,,,,,,,,,,,,,,,,,,,,,
170,BIT睿信空间预约,bitrxc/bitrxc-server,,cal,['web'],https://bitrxc.com,,,6.0,,,,,0,,,,,,,,,,,,True,,,,,,,,,,,,,,,,,,,,,,
171,片上系统设计,silenuszhi/SoC_Design_Archive,,exp,['hdl'],{},,,,,,,,0,,,,,,,,,,,,False,,,,,,,,,,,,,,,,,,,,,,
172,BIT-Thesis-Bachelor,wanicca/BIT-Thesis-Bachelor,,template,['latex'],https://www.overleaf.com/latex/templates/bei-jing-li-gong-da-xue-zi-dong-hua-xue-yuan-kai-ti-bao-gao-mo-ban/cxkjykzkgstb,,,,,,,,0,,,,,,,,,,,,True,,,,,,,,,,,,,,,,,,,,,,
173,FDUZS/BIThesis,FDUZS/BIThesis,,template,['latex'],{},,,,,,,,0,,,,,,,,,,,,False,,,,,,,,,,,,,,,,,,,,,,
174,合成北理工,,,misc,['web'],https://daxigua.liyupi.com,,,,,,2021-01-30 12:27:52.000,2021-08-30 12:59:22,0,0.0,,,,,,,,,,,False,,,,,,,,,,,,,boboaini/synthetic-north-technology,https://gitee.com/boboaini/synthetic-north-technology,1.0,,,,,,,
175,智能制造与智能计算实验室,,,exp,,https://leidawt.gitee.io/bit-pse-public/,,,,,,,,0,,,,,,,,,,,,False,,,,,,,,,,,,,leidawt/bit-pse,,,,,,,,,
176,北理工延河课堂视频下载,HansZ8/YanHeKT_Downloader,,academic,['python'],{},,,3.0,,,,,0,,,,,,,,,,,,False,,,,,,,,,,,,,,,,-10.0,,,,,,
177,cst-notifier,UnicornBoss/cst-notifier,,agg,['python'],{},,,,,,,,0,,,,,,,,,,,,False,,,,,,,,,,,,,,,,,,,,,,
178,Rust-toys ➡️ bitlogin,Aloxaf/Rust-toys,,srun,['rust'],{},,,,,,,,0,,,,10_0_0_55_login 的 rust 实现.,,,,,,,,False,,,,,,,,,,,,,,,,,,,,,,
179,BIT-campus-network-CLI,LiJinyao/BIT-campus-network-CLI,,srun,['web'],{},,,,,,,,0,,,,,,,,,,,,False,,,,,,,,,,,,,,,,,,,,,,
180,BIT-Online-Judge,Lylist/BIT-Online-Judge,,misc,,{},,,3.0,,,,,0,,,,,,,,,,,,False,,,,,,,,,,,,,,,,,,,,,,
181,基于Selenium的BIT-Web登录脚本,MmDawN/BIT_Srun_Login_Selenium,,srun,['python'],{},,,,,,,,0,,,,,,,,,,,,False,,,,,,,,,,,,,,,,,,,,,,
182,图书馆座位预约系统辅助工具,DefJia/Auto_Reservation_System_BE,,cal,['python'],{},,,3.0,,,,,0,,,,,,,,,,,,False,,,,,,,,,,,,,,,,,,,,,,
183,BITSTAR,WangTe/BITSTAR,,agg,,{},,,,,,,,0,,,,,,,,,,,,False,,,,,,,,,,,,,,,,,,,,,,
184,北京理工大学邮箱推送服务,lywly/BIT_Mail_Monitor,,misc,['python'],{},,,,,,,,0,,,,,,,,,,,,False,,,,,,,,,,,,,,,,,,,,,,
185,BIT_Mail_Backup,lywly/BIT_Mail_Backup,,misc,['python'],{},,,,,,,,0,,,,,,,,,,,,False,,,,,,,,,,,,,,,,,,,,,,
186,BIT-Auto-Login-System,majingbit/BIT-Auto-Login-System,,srun,,{},,,,,,,,0,,,,,,,,,,,,False,,,,,,,,,,,,,,,,,,,,,,
187,BIT_Network_Login,lxalxy/BIT_Network_Login,,srun,['python'],{},,,3.0,,,,,0,,,,,,,,,,,,False,,,,,,,,,,,,,,,,,,,,,,
188,yanhekt-killer,LeiyaoCui/yanhekt-killer,,academic,['web'],{},,,,,,,,0,,,,"Eliminate the unfair authority, when we try to learn more in yanhekt.",,,,,,,,False,,,,,,,,,,,,,,,,,,,,,,
189,message_send,Z-ly/message_send,,office,['python'],{},,,,,,,,0,,,,,,,,,,,,False,,,,,,,,,,,,,,,,,,,,,,
190,BITNP LibreSpeed 内网测速,everything411/speedtest-go,,edu-cn,,http://speed.bitnp.net/,,,15.0,,,,,0,,,,,,,,,,,,True,,,,,,,,,,,,,,,,,,,,,,
191,vouv/SrunBar,vouv/SrunBar,,srun,,{},,,,,,,,0,,,,,,,,,,,,False,,,,,,,,,,,,,,,,,,,,,,
192,BlockIt,Devil-SX/BlockIt,,apollo,,{},,,,,,,,0,,,,,,,,,,,,False,,,,,,,,,,,,,,,,,,,,,,
193,bit-genshin,xinyi-cherry/bit-genshin,,edu-cn,,https://userstyles.world/style/11791/default-slug,,,,,,,,0,,,,,,,,,,,,True,,,,,,,,,,,,,,,,,,,,,,
194,BIT_Automatic_praise_program,sycapple/BIT_Automatic_praise_program,,academic,,{},,,,,,,,0,,,,“北理工全自动好评系统”，可全部好评或选择想要差评的老师。.,,,,,,,,False,,,,,,,,,,,,,,,,,,,,,,
195,Remaining-reminders-of-the-art-course,sycapple/Remaining-reminders-of-the-art-course,,academic,,{},,,,,,,,0,,,,本项目是基于selenium4的一个爬虫项目，旨在帮助没能抽中艺术课等自己心仪课程的同学一个再次选择的机会。.,,,,,,,,False,,,,,,,,,,,,,,,,,,,,,,
196,Slide-Style,Devil-SX/Slide-Style,,apollo,,{},,,,,,,,0,,,,,,,,,,,,False,,,,,,,,,,,,,,,,,,,,,,
197,钉钉i北理UI,yyysyyy/harmony-nb,,misc,,{},,,,,,,,0,,,,使用鸿蒙原生artks搭建了钉钉i北理的UI。.,,,,,,,,False,,,,,,,,,,,,,,,,,,,,,,
198,Bitnoc12/CSAPP_BIT,Bitnoc12/CSAPP_BIT,,learning,,{},,,,,,,,0,,,,,,,,,,,,False,,,,,,,,,,,,,,,,,,,,,,
199,Traccy-Debugging/BIT-CS-Learning,Traccy-Debugging/BIT-CS-Learning,,learning,,{},,,,,,,,0,,,,,,,,,,,,False,,,,,,,,,,,,,,,,,,,,,,
200,CreateSDelightFabricJava,Phoupraw/CreateSDelightFabricJava,,apollo,,{},,,5.0,,,,,0,,,,,,,,,,,,False,,,,,,,,,,,,,,,,,,,,,,
201,BIT-SCORE,yht0511/BIT-SCORE,,academic,,{},,,,,,,,0,,,,,,,,,,,,False,,,,,,,,,,,,,,,,,,,,,,
202,Ri-Nai/BIT-Typst-Template,Ri-Nai/BIT-Typst-Template,,template,,{},,,3.0,,,,,0,,,,,,,,,,,,False,,,,,,,,,,,,,,,,,,,,,,
203,huyufeifei/bitypst,huyufeifei/bitypst,,template,,{},,,,,,,,0,,,,,,,,,,,,False,,,,,,,,,,,,,,,,,,,,,,
204,Quaternijkon/Typst_BIT,Quaternijkon/Typst_BIT,,template,,{},,,,,,,,0,,,,,,,,,,,,False,,,,,,,,,,,,,,,,,,,,,,
205,open_ibit,yht0511/open_ibit,,edu-cn,,{},,,4.0,,,,,0,,,,,,,,,,,,False,,,,,,,,,,,,,,,,,,,,,,
206,BIT-big-data,lan-tiancheng/BIT-big-data,,learning,,{},,,,,,,,0,,,,,,,,,,,,False,,,,,,,,,,,,,,,,,,,,,,
207,Yanhekt-AutoSlides,bit-admin/Yanhekt-AutoSlides,,academic,,{},,,,,,,,0,,,,,,,,,,,,False,,,,,,,,,,,,,,,,,,,,,,
208,Yanhekt-downloader-electron,bit-admin/Yanhekt-downloader-electron,,academic,,{},,,,,,,,0,,,,,,,,,,,,False,,,,,,,,,,,,,,,,-8.0,,,,,,
209,BitBusGrab,YaphetLee2002/BitBusGrab,,cal,,{},,,,,,,,0,,,,,,,,,,,,False,,,,,,,,,,,,,,,,,,,,,,
210,BitBMTGrab,YaphetLee2002/BitBMTGrab,,cal,,{},,,,,,,,0,,,,,,,,,,,,False,,,,,,,,,,,,,,,,,,,,,,
211,NetworkSecurity2019,Crysflair/NetworkSecurity2019,,edu-cn,,{},,,,,,,,0,,,,,,,,,,,,False,,,,,,,,,,,,,,,,,,,,,,
212,bit-guide,yht0511/bit-guide,,agg,,{},,,3.0,,,,,0,,,,,,,,,,,,False,,,,,,,,,,,,,,,,,,,,,,
213,BIT-SE,Ri-Nai-BIT-SE/BIT-SE,,learning,,{},,,,,,,,0,,,,北京理工大学软件工程课程个人学习经验分享.,,,,,,,,False,,,,,,,,,,,,,,,,,,,,,,
214,cdowen/BIT-Login,cdowen/BIT-Login,,srun,,{},,,,,,,,0,,,,,,,,,,,,False,,,,,,,,,,,,,,,,,,,,,,
215,bit-sso,bit-admin/bit-sso,,edu-cn,,{},,,,,,,,0,,,,,,,,,,,,False,,,,,,,,,,,,,,,,,,,,,,
216,BIT-Login-Python,Ri-Nai/BIT-Login-Python,,edu-cn,,{},,,,,,,,0,,,,,,,,,,,,False,,,,,,,,,,,,,,,,,,,,,,
217,贝塔驿站 - 微信小程序,x-zip/beita-frontend,,agg,,https://mp.weixin.qq.com/s/g1bzBHUI6CbSlYjWN1BnOw,,,,,,,,0,,,,,,,,,,,,True,,,,,,,,,,,,,,,,,,,,,,
218,贝塔驿站后端系统,x-zip/beita-backend,,agg,,https://mp.weixin.qq.com/s/g1bzBHUI6CbSlYjWN1BnOw,,,,,,,,0,,,,,,,,,,,,True,,,,,,,,,,,,,,,,,,,,,,
219,朋辈导师评价系统,Ri-Nai/BIT-Peer-Mentor-Evaluation,,office,,{},,,,,,,,0,,,,📝 用于自动完成对朋辈导师下学生的德育评价工作。.,,,,,,,,False,,,,,,,,,,,,,,,,,,,,,,
220,Treehole,Treehole-Project/Treehole,,agg,,https://treehole.club,,,,,,,,0,,,,,,,,,,,,True,,,,,,,,,,,,,,,,,,,,,,
221,BITSGUI,so1ve/bitsgui,,srun,,{},,,4.0,,,,,0,,,,,,,,,,,,False,,,,,,,,,,,,,,,,-9.0,,,,,,
222,Ti-FDGG/BIT-CS-2023,Ti-FDGG/BIT-CS-2023,,learning,,{},,,,,,,,0,,,,,,,,,,,,False,,,,,,,,,,,,,,,,,,,,,,
223,BIT-AeroSpace-Learning,Aray42/BIT-AeroSpace-Learning,,agg,,{},,,,,,,,0,,,,,,,,,,,,False,,,,,,,,,,,,,,,,,,,,,,
224,NeuroMark,BobH233/NeuroMark,,apollo,,{},,,,,,,,0,,,,,,,,,,,,False,,,,,,,,,,,,,,,,,,,,,,
225,BIT101-iOS,BIT101-dev/BIT101-iOS,,agg,,{},,,,,,,,0,,,,,,,,,,,,False,,,,,,,,,,,,,,,,,,,,,,
226,BITshare,BITshare-dev/BITshare,,agg,,{},,,,,,,,0,,,,,,,,,,,,False,,,,,,,,,,,,,,,,,,,,,,
227,BIT-PJ-System,playchess2005/BIT-PJ-System,,academic,,{},,,,,,,,0,,,,,,,,,,,,False,,,,,,,,,,,,,,,,,,,,,,
228,bitsrun.c,everything411/bitsrun.c,,srun,,{},,,,,,,,0,,,,,,,,,,,,False,,,,,,,True,,,,,,,,,,,,,,,
229,北理工自动签到脚本（研究生每晚宿舍签到）,WD11/bit_register_auto,,misc,['python'],{},,,2.0,,,,,-1,,,,,,,,,,,,False,3.0,,,,,,,,,,,,,,,,,,,,,
230,BIT-Zongce,Devil-SX/BIT-Zongce,,office,,{},,,2.0,,,,,-1,,,,,,,,,,,,False,3.0,,,,,,,,,,,,,,,,,,,,,
231,BITlife,shinianzhihou/BITlife,,learning,,{},,,2.0,,,,,-1,,,,,,,,,,,,False,3.0,,,,,,,,,,,,,,,,,,,,,
232,BITLeXueRANK,Decent898/BITLeXueRANK_2024C,,academic,,{},,,2.0,,,,,-1,,,,,,,,,,,,False,3.0,,,,,,,,,,,,,,,,,,,,,
233,BITLeXueRANK_2024C,Decent898/BITLeXueRANK_2024C,,academic,,{},,,2.0,,,,,-1,,,,,,,,,,,,False,3.0,,,,,,,,,,,,,,,,,,,,,
234,live2d-project-for-HCI,Decent898/live2d-project-for-HCI,,misc,,{},,,2.0,,,,,-1,,,,,,,,,,,,False,3.0,,,,,,,,,,,,,,,,,,,,,
235,BIT分享进步小组,zzzzquan/share-and-improve-in-BIT,,org,,https://www.zzzzquan.cn/2025/08/25/share-and-improve-in-BIT/,,,2.0,,,,,-1,,,,,,,,,,,,True,3.0,,,,,,,,,,,,,,,,,,,,,
236,矩阵分析学堂在线习题与复习整理,fishyy119/Matrix_Analysis_Homework,,learning,,{},,,2.0,,,,,-1,,,,,,,,,,,,False,3.0,,,,,,,,,,,,,,,,,,,,,
237,百丽宫年度吃饭报告生成器,rinevard/BIT-Annual-Eat,,cal,,{},,,2.0,,,,,-1,,,,,,,,,,,,False,3.0,,,,,,,,,,,,,,,,,,,,,
238,Library Access MCP (Academic Research Agent),yang-kun-long/library-access-mcp,,edu-cn,,{},,,2.0,,,,,-1,,,,,,,,,,,,False,3.0,,,,,,,,,,,,,,,-9.0,,,,,,
